-- Adminer 4.8.1 MySQL 11.1.2-MariaDB-1:11.1.2+maria~ubu2204 dump

SET NAMES utf8;
SET time_zone = '+00:00';
SET foreign_key_checks = 0;
SET sql_mode = 'NO_AUTO_VALUE_ON_ZERO';

SET NAMES utf8mb4;

DROP TABLE IF EXISTS `articles`;
CREATE TABLE `articles` (
  `id` bigint(20) unsigned NOT NULL AUTO_INCREMENT,
  `user_id` bigint(20) unsigned NOT NULL,
  `title` varchar(100) NOT NULL,
  `slug` varchar(110) NOT NULL,
  `image` varchar(255) NOT NULL,
  `created_at` timestamp NULL DEFAULT NULL,
  `updated_at` timestamp NULL DEFAULT NULL,
  PRIMARY KEY (`id`),
  KEY `articles_user_id_foreign` (`user_id`),
  CONSTRAINT `articles_user_id_foreign` FOREIGN KEY (`user_id`) REFERENCES `users` (`id`)
) ENGINE=InnoDB AUTO_INCREMENT=41 DEFAULT CHARSET=utf8mb4 COLLATE=utf8mb4_unicode_ci;

INSERT INTO `articles` (`id`, `user_id`, `title`, `slug`, `image`, `created_at`, `updated_at`) VALUES
(22,	2,	'Dolores id minus vel dolor et delectus ea.',	'dolores-id-minus-vel-dolor-et-delectus-ea',	'https://via.placeholder.com/640x480.png/00cc11?text=blanditiis',	'2024-01-04 19:00:11',	'2024-01-04 19:00:11'),
(23,	2,	'Rerum accusamus illum non voluptates ullam odio sunt.',	'rerum-accusamus-illum-non-voluptates-ullam-odio-sunt',	'https://via.placeholder.com/640x480.png/00aa77?text=et',	'2024-01-04 19:00:46',	'2024-01-04 19:00:46'),
(24,	2,	'Debitis voluptatibus et velit accusantium.',	'debitis-voluptatibus-et-velit-accusantium',	'https://via.placeholder.com/640x480.png/0044ee?text=dolores',	'2024-01-04 19:00:46',	'2024-01-04 19:00:46'),
(25,	2,	'Libero sunt minus doloremque.',	'libero-sunt-minus-doloremque',	'https://via.placeholder.com/640x480.png/00aadd?text=perferendis',	'2024-01-04 19:00:46',	'2024-01-04 19:00:46'),
(26,	2,	'Et optio ab sit in.',	'et-optio-ab-sit-in',	'https://via.placeholder.com/640x480.png/002233?text=pariatur',	'2024-01-04 19:00:46',	'2024-01-04 19:00:46'),
(27,	2,	'Dolor assumenda enim est.',	'dolor-assumenda-enim-est',	'https://via.placeholder.com/640x480.png/00ccff?text=doloremque',	'2024-01-04 19:00:46',	'2024-01-04 19:00:46'),
(28,	2,	'Natus dolore quae occaecati magnam rerum rerum magnam.',	'natus-dolore-quae-occaecati-magnam-rerum-rerum-magnam',	'https://via.placeholder.com/640x480.png/0077bb?text=deleniti',	'2024-01-04 19:00:46',	'2024-01-04 19:00:46'),
(29,	2,	'In dolorem eius voluptas quibusdam quo ea.',	'in-dolorem-eius-voluptas-quibusdam-quo-ea',	'https://via.placeholder.com/640x480.png/00ff00?text=rerum',	'2024-01-04 19:00:46',	'2024-01-04 19:00:46'),
(30,	2,	'Distinctio quia hic sunt harum nam ea sint et.',	'distinctio-quia-hic-sunt-harum-nam-ea-sint-et',	'https://via.placeholder.com/640x480.png/007711?text=officiis',	'2024-01-04 19:00:46',	'2024-01-04 19:00:46'),
(31,	2,	'Omnis et rerum et rerum.',	'omnis-et-rerum-et-rerum',	'https://via.placeholder.com/640x480.png/0088bb?text=atque',	'2024-01-04 19:00:46',	'2024-01-04 19:00:46'),
(32,	2,	'Consequatur itaque labore deserunt sapiente consectetur molestiae possimus.',	'consequatur-itaque-labore-deserunt-sapiente-consectetur-molestiae-possimus',	'https://via.placeholder.com/640x480.png/0022cc?text=fugiat',	'2024-01-04 19:00:46',	'2024-01-04 19:00:46'),
(33,	2,	'Adipisci consequuntur architecto et aut ducimus.',	'adipisci-consequuntur-architecto-et-aut-ducimus',	'https://via.placeholder.com/640x480.png/000022?text=laborum',	'2024-01-04 19:00:46',	'2024-01-04 19:00:46'),
(34,	2,	'Inventore nam accusamus unde.',	'inventore-nam-accusamus-unde',	'https://via.placeholder.com/640x480.png/002266?text=quis',	'2024-01-04 19:00:46',	'2024-01-04 19:00:46'),
(35,	2,	'7 Cara Membaca Cepat dan Tetap Memahami Isi Bacaan',	'7-cara-membaca-cepat-dan-tetap-memahami-isi-bacaan',	'public/articles/vFmPHdJ2lm9Z6nokO4wR3Puhd8YeTQL96MxPkk2j.webp',	'2024-01-04 19:00:46',	'2024-01-04 19:13:44'),
(36,	2,	'Meski Hanya Sekali, Berikut Ini Adalah 5 Alasan Kamu Harus Baca Buku Self Improvement!',	'meski-hanya-sekali-berikut-ini-adalah-5-alasan-kamu-harus-baca-buku-self-improvement',	'public/articles/TBbWERq1d7PsBscf9274Y6JlqsBJKVvqbnizkz68.webp',	'2024-01-04 19:00:46',	'2024-01-04 19:10:24'),
(37,	2,	'5 Manfaat Membaca Buku yang Tak Semua Orang Tahu, Bisa Kelola Stres hingga Bantu Bikin Panjang Umur',	'5-manfaat-membaca-buku-yang-tak-semua-orang-tahu-bisa-kelola-stres-hingga-bantu-bikin-panjang-umur',	'public/articles/BLtUf1uDuP4nNoj9sl3fEXdByufe9sNwDNhucCfg.webp',	'2024-01-04 19:00:46',	'2024-01-04 19:09:22'),
(38,	2,	'Bagaimana Toko Buku Alternatif Bisa Bertahan',	'bagaimana-toko-buku-alternatif-bisa-bertahan',	'public/articles/QLWkQQeMHLL8KvrNUaJMxE6gCJ3xZwKP15K2iPX8.jpg',	'2024-01-04 19:00:46',	'2024-01-04 19:12:31'),
(39,	2,	'4 Rekomendasi Buku Karya Farah Qoonita, Sarat sama Petuah Kehidupan',	'4-rekomendasi-buku-karya-farah-qoonita-sarat-sama-petuah-kehidupan',	'public/articles/iU8PXG0M8bf6DPCYECEGeLHrMhZERF47rrXwGKcq.jpg',	'2024-01-04 19:00:46',	'2024-01-04 19:07:07'),
(40,	2,	'6 Tips Membaca Buku Agar Tidak Cepat Bosan',	'6-tips-membaca-buku-agar-tidak-cepat-bosan',	'public/articles/dGKoP1jSjUG8JdqpxXgHp3dPNqE4Hftw1YUUiAQB.jpg',	'2024-01-04 19:00:46',	'2024-01-04 19:06:24');

DROP TABLE IF EXISTS `banks`;
CREATE TABLE `banks` (
  `id` bigint(20) unsigned NOT NULL AUTO_INCREMENT,
  `name` varchar(255) NOT NULL,
  `account_name` varchar(255) NOT NULL,
  `account_number` varchar(255) NOT NULL,
  `image` varchar(255) NOT NULL,
  `created_at` timestamp NULL DEFAULT NULL,
  `updated_at` timestamp NULL DEFAULT NULL,
  PRIMARY KEY (`id`)
) ENGINE=InnoDB AUTO_INCREMENT=7 DEFAULT CHARSET=utf8mb4 COLLATE=utf8mb4_unicode_ci;

INSERT INTO `banks` (`id`, `name`, `account_name`, `account_number`, `image`, `created_at`, `updated_at`) VALUES
(1,	'BCA',	'CV. Buku Digital Nusantara',	'541203195',	'img/bank/bca.png',	NULL,	NULL),
(2,	'BNI',	'CV. Buku Digital Nusantara',	'810280128789318',	'img/bank/bni.png',	NULL,	NULL),
(3,	'BRI',	'CV. Buku Digital Nusantara',	'60012839817296391',	'img/bank/bri.png',	NULL,	NULL),
(4,	'Bank Syariah Indonesia',	'CV. Buku Digital Nusantara',	'701723981648721',	'img/bank/bsi.png',	NULL,	NULL),
(5,	'Mandiri',	'CV. Buku Digital Nusantara',	'128937981273',	'img/bank/mandiri.png',	NULL,	NULL),
(6,	'Permata',	'CV. Buku Digital Nusantara',	'58792047123',	'img/bank/permata.png',	NULL,	NULL);

DROP TABLE IF EXISTS `books`;
CREATE TABLE `books` (
  `id` bigint(20) unsigned NOT NULL AUTO_INCREMENT,
  `category_id` bigint(20) unsigned NOT NULL,
  `image` varchar(100) NOT NULL,
  `title` varchar(100) NOT NULL,
  `slug` varchar(110) NOT NULL,
  `description` text NOT NULL,
  `author` varchar(255) NOT NULL,
  `price` bigint(20) unsigned NOT NULL,
  `file_path` varchar(255) NOT NULL,
  `created_at` timestamp NULL DEFAULT NULL,
  `updated_at` timestamp NULL DEFAULT NULL,
  `views` int(10) unsigned NOT NULL DEFAULT 0,
  PRIMARY KEY (`id`),
  KEY `books_category_id_foreign` (`category_id`),
  CONSTRAINT `books_category_id_foreign` FOREIGN KEY (`category_id`) REFERENCES `categories` (`id`)
) ENGINE=InnoDB AUTO_INCREMENT=26 DEFAULT CHARSET=utf8mb4 COLLATE=utf8mb4_unicode_ci;

INSERT INTO `books` (`id`, `category_id`, `image`, `title`, `slug`, `description`, `author`, `price`, `file_path`, `created_at`, `updated_at`, `views`) VALUES
(1,	1,	'https://via.placeholder.com/640x480.png/0022ee?text=voluptatum',	'Nihil voluptatem saepe magni nemo recusandae quasi.',	'nihil-voluptatem-saepe-magni-nemo-recusandae-quasi',	'Aliquam nostrum quasi quia suscipit. Necessitatibus numquam ratione corrupti ut sed molestiae. Officiis rerum dolor tenetur aut rerum debitis.',	'Irwin Schroeder',	126961,	'/tmp/fakerJR6QYp',	'2024-01-01 17:35:49',	'2024-01-01 17:35:49',	0),
(2,	1,	'https://via.placeholder.com/640x480.png/0033dd?text=est',	'Quia eaque ducimus excepturi.',	'quia-eaque-ducimus-excepturi',	'Dolore omnis amet sit incidunt doloribus. Nisi praesentium eius consequatur minima deleniti. Non sequi numquam tempore. Dolorum earum modi dolores alias saepe vero.',	'Bell Ortiz DVM',	85025,	'/tmp/fakerGIr4rs',	'2024-01-01 17:35:49',	'2024-01-01 17:35:49',	0),
(3,	1,	'https://via.placeholder.com/640x480.png/00ff22?text=velit',	'Omnis ea deserunt ea qui.',	'omnis-ea-deserunt-ea-qui',	'Ad perferendis possimus asperiores dicta velit est. Animi in quae ipsam qui sunt. Ipsa nam ut et laborum sed accusamus. Nesciunt velit numquam nam optio. Vero esse ipsam qui ex voluptates facilis.',	'Vincenza West',	53786,	'/tmp/fakerCwSejq',	'2024-01-01 17:35:49',	'2024-01-01 17:35:49',	0),
(4,	1,	'https://via.placeholder.com/640x480.png/0011bb?text=ad',	'Non ipsum quae ullam quidem est.',	'non-ipsum-quae-ullam-quidem-est',	'Harum repudiandae minima autem sapiente accusamus ad. Aut aut in reprehenderit totam laboriosam incidunt sapiente. Est sit quas non pariatur. Doloribus pariatur a ut et ut in voluptate assumenda.',	'Harrison Harber',	148247,	'/tmp/fakerIqU1Mo',	'2024-01-01 17:35:49',	'2024-01-01 17:35:49',	0),
(5,	1,	'https://via.placeholder.com/640x480.png/005588?text=consequatur',	'Sit dolorem saepe dolorem.',	'sit-dolorem-saepe-dolorem',	'Eos odit error rerum et sed dolore. Eos cupiditate sint ipsa sunt voluptas. Asperiores est harum sit ea porro. Commodi quia tenetur nisi sed.',	'Oda Russel',	127607,	'/tmp/fakernbiULo',	'2024-01-01 17:35:49',	'2024-01-01 17:35:49',	0),
(6,	1,	'https://via.placeholder.com/640x480.png/0066cc?text=aut',	'Et quia molestias ducimus consectetur debitis commodi.',	'et-quia-molestias-ducimus-consectetur-debitis-commodi',	'Amet occaecati ea quod ut nihil. Aspernatur dolorum a ipsam totam. Ab voluptatem voluptatem aut. Alias illum ut ea. Porro quisquam labore necessitatibus quia aut voluptatem pariatur molestiae.',	'Keshaun Gislason',	51326,	'/tmp/fakerMbaFQq',	'2024-01-01 17:35:49',	'2024-01-01 17:35:49',	0),
(7,	1,	'https://via.placeholder.com/640x480.png/00eecc?text=optio',	'Architecto eos quis magni quos nemo et.',	'architecto-eos-quis-magni-quos-nemo-et',	'Possimus fugit aspernatur ut enim deserunt consequatur quia. Est enim perferendis voluptatem est. Vel rerum dolorem voluptatem et qui. Culpa nihil fugiat neque alias. Quia temporibus vero quibusdam.',	'Jose Lind',	69507,	'/tmp/fakergkTbEq',	'2024-01-01 17:35:49',	'2024-01-01 17:35:49',	0),
(8,	2,	'https://via.placeholder.com/640x480.png/0099ee?text=omnis',	'Omnis sit occaecati est aut veniam est fugiat.',	'omnis-sit-occaecati-est-aut-veniam-est-fugiat',	'Quo eius neque ratione aut nihil unde. Eum magni aut eveniet aut eum dolorum. Nisi delectus pariatur excepturi rem saepe a ipsum.',	'Maynard Metz',	107777,	'/tmp/fakerDPnqnp',	'2024-01-01 17:35:49',	'2024-01-01 17:35:49',	0),
(9,	2,	'https://via.placeholder.com/640x480.png/00ff22?text=quod',	'Consequatur inventore asperiores omnis.',	'consequatur-inventore-asperiores-omnis',	'Eius autem consectetur inventore. Et voluptas repellat sed eos. Est eum ratione voluptatem ullam expedita neque aliquam. Et quia numquam sint voluptas. Et ut tempora consequatur voluptatibus odit.',	'Dr. Lea Sporer',	100755,	'/tmp/fakerSN9Toq',	'2024-01-01 17:35:49',	'2024-01-01 17:35:49',	0),
(10,	2,	'https://via.placeholder.com/640x480.png/00ee99?text=et',	'Aut et provident similique consequuntur dolores.',	'aut-et-provident-similique-consequuntur-dolores',	'Consequatur quae omnis sunt velit consequatur perferendis porro. Deserunt illum modi iste neque. Aperiam eos iusto est facere. Tempore ea et natus labore.',	'Jeramy Hessel DVM',	56791,	'/tmp/fakerExV28p',	'2024-01-01 17:35:49',	'2024-01-01 17:35:49',	0),
(11,	2,	'https://via.placeholder.com/640x480.png/003355?text=officiis',	'Ea eos vel dolores rem suscipit sit nobis quas.',	'ea-eos-vel-dolores-rem-suscipit-sit-nobis-quas',	'Maxime necessitatibus eveniet vel necessitatibus. Sit amet et possimus sunt. Eum ex porro incidunt harum voluptates aut.',	'Miss Luna Eichmann MD',	44854,	'/tmp/fakertISMqp',	'2024-01-01 17:35:49',	'2024-01-01 17:35:49',	0),
(12,	2,	'https://via.placeholder.com/640x480.png/006600?text=eum',	'Alias quam nam sed maiores et.',	'alias-quam-nam-sed-maiores-et',	'Officia vero vero commodi corrupti non dicta aut. Aut dicta ut commodi voluptatum. Et voluptatem voluptatibus consequuntur quia ex autem. Voluptate eum nam ipsa autem rerum est.',	'Paula Deckow',	132605,	'/tmp/fakerC5lcBr',	'2024-01-01 17:35:49',	'2024-01-01 17:35:49',	0),
(13,	2,	'https://via.placeholder.com/640x480.png/00ff66?text=nihil',	'Soluta sequi molestias omnis praesentium exercitationem.',	'soluta-sequi-molestias-omnis-praesentium-exercitationem',	'Aliquam eos voluptatem omnis. Reiciendis et eius architecto et. Est velit doloremque explicabo quibusdam itaque soluta impedit.',	'Dr. Jaren Zulauf Jr.',	94135,	'/tmp/fakerwTGdBr',	'2024-01-01 17:35:49',	'2024-01-01 17:35:49',	0),
(14,	2,	'https://via.placeholder.com/640x480.png/00bb33?text=sit',	'Necessitatibus itaque nisi aut.',	'necessitatibus-itaque-nisi-aut',	'Beatae nesciunt alias dignissimos natus illum debitis officiis dolorum. Dicta dolore necessitatibus et necessitatibus illum quam. Eos expedita velit mollitia. Voluptates quam nam ipsam omnis veniam.',	'Prof. Ezequiel Watsica V',	35809,	'/tmp/fakerslp2gp',	'2024-01-01 17:35:49',	'2024-01-01 17:35:49',	0),
(15,	3,	'https://via.placeholder.com/640x480.png/0077ff?text=sit',	'Placeat veniam maiores delectus fuga omnis.',	'placeat-veniam-maiores-delectus-fuga-omnis',	'Molestiae commodi porro nemo recusandae et. Adipisci et nihil est asperiores et. Vitae ipsum non non aperiam rerum. Autem voluptatem error quas.',	'Markus Kerluke',	23929,	'/tmp/fakerPz9U2r',	'2024-01-01 17:35:49',	'2024-01-01 17:35:49',	0),
(16,	3,	'https://via.placeholder.com/640x480.png/00ddaa?text=illum',	'Ad voluptas optio voluptatem quo qui aliquid.',	'ad-voluptas-optio-voluptatem-quo-qui-aliquid',	'Autem aperiam doloribus commodi tempora et illo vitae. Officiis omnis ut aspernatur ipsa. Provident atque et corrupti culpa optio rem.',	'Audreanne Dicki Jr.',	136774,	'/tmp/faker5fY0qq',	'2024-01-01 17:35:49',	'2024-01-01 17:35:49',	0),
(17,	3,	'https://via.placeholder.com/640x480.png/00bb11?text=dolorum',	'Ut iste ipsa quisquam vel.',	'ut-iste-ipsa-quisquam-vel',	'Impedit iure illo est et amet. Omnis nesciunt et nobis repellat. Excepturi quia ea quia dolorem totam. Explicabo perspiciatis alias maiores aut fuga sequi.',	'Ciara Friesen I',	27920,	'/tmp/fakeroZieHr',	'2024-01-01 17:35:49',	'2024-01-01 17:35:49',	0),
(18,	3,	'https://via.placeholder.com/640x480.png/00ff22?text=quod',	'Enim eaque fugit unde officiis et.',	'enim-eaque-fugit-unde-officiis-et',	'Maxime eveniet vel illum animi aliquam. Veniam rerum illo labore sed. Rerum repellendus sit nam animi.',	'Karolann Cormier',	39310,	'/tmp/fakerxcz9Aq',	'2024-01-01 17:35:49',	'2024-01-01 17:35:49',	0),
(19,	3,	'https://via.placeholder.com/640x480.png/00eeee?text=voluptatem',	'Voluptates quis totam quia doloribus.',	'voluptates-quis-totam-quia-doloribus',	'Natus aliquid maxime repellat inventore veniam et ea harum. Pariatur dolores et accusamus blanditiis. Molestias hic quia quia modi ex placeat.',	'Harrison Hyatt',	73155,	'/tmp/fakerSKdHZp',	'2024-01-01 17:35:49',	'2024-01-01 17:35:49',	0),
(20,	3,	'https://via.placeholder.com/640x480.png/0088dd?text=sapiente',	'Beatae animi sit ut earum labore praesentium qui.',	'beatae-animi-sit-ut-earum-labore-praesentium-qui',	'Necessitatibus eos expedita placeat ab placeat quia. Iure voluptatem unde qui eligendi recusandae cumque. Dicta id voluptas aperiam repellendus ut quos alias.',	'Sincere Carroll',	29117,	'/tmp/fakerT9tyus',	'2024-01-01 17:35:49',	'2024-01-01 17:35:49',	0),
(22,	2,	'public/books-image/uv5eRay56oSR5gOwKhBgffyaw7uYTIAX2dE3RIX9.png',	'Sejarah Indonesia Kelas VII',	'sejarah-indonesia-kelas-vii',	'Itaque eligendi aut dicta excepturi culpa itaque aliquid numquam.',	'CV. Untung Sejahtera',	82000,	'book-file/5m1ubNt9BfQW87DD1Ez3eLpktqfVHs7qzD7IySvs.pdf',	'2024-01-01 17:55:25',	'2024-01-04 20:30:26',	0),
(23,	3,	'public/books-image/H2BFhvHZbmw3uRfNDbPHpPdx2F8ejpgNY0ILYVgk.png',	'Matematika Kelas VII',	'matematika-kelas-vii',	'Harum neque earum beatae optio.',	'CV. Untung Sejahtera',	95000,	'book-file/pTJt2xunea6ttFEcYm989CTmThKbVnXBtrMLBzQ3.pdf',	'2024-01-01 18:14:27',	'2024-01-04 20:30:09',	0),
(24,	3,	'public/books-image/Tal8XLOS1td7qZehEGDyfN7T2hz7XD97ziI2l70n.png',	'Matematika Tingkat Lanjut (Kurikulum Merdeka) untuk SMA/MA Kelas XII',	'matematika-tingkat-lanjut-kurikulum-merdeka-untuk-smama-kelas-xii',	'Kurikulum ini memberikan keleluasaan bagi satuan pendidikan dan pendidik untuk mengembangkan potensinya serta keleluasaan bagi peserta didik untuk belajar sesuai dengan kemampuan dan perkembangannya. Pada tahun 2021, kurikulum ini akan diimplementasikan secara terbatas di  Sekolah Penggerak. Begitu pula dengan buku teks pelajaran sebagai salah satu bahan ajar yang akan diimplementasikan secara terbatas di Sekolah Penggerak.\r\n\r\n\r\nPenulis : Tim Gakko Tosho\r\nPenyadur : Sugiman, Achmad Dany Fachrudin\r\nPenelaah : Budi Poniman\r\nPenyelia Penerbitan : Pusat Kurikulum dan Perbukuan\r\nIlustrator : Suhananto, Imam Kr Moncol\r\nPenata Letak (Desainer) : Dewi Pratiwi\r\nPenyunting : Zulkardi, Lambas, Yudi Satria, Fristalina\r\nFotografer : Selamet, Heru Setyono, Denny Saputra, Dewi Pratiwi\r\nISBN : 978-602-244-514-2',	'Kemdikbud',	25000,	'book-file/OqyZ1cyHNhMMnOX8RiUJ6sSASCl7C15NdKyw1sQ8.pdf',	'2024-01-02 01:40:44',	'2024-01-04 20:45:19',	8);

DROP TABLE IF EXISTS `carts`;
CREATE TABLE `carts` (
  `id` bigint(20) unsigned NOT NULL AUTO_INCREMENT,
  `user_id` bigint(20) unsigned NOT NULL,
  `book_id` bigint(20) unsigned NOT NULL,
  `created_at` timestamp NULL DEFAULT NULL,
  `updated_at` timestamp NULL DEFAULT NULL,
  PRIMARY KEY (`id`),
  KEY `carts_user_id_foreign` (`user_id`),
  KEY `carts_book_id_foreign` (`book_id`),
  CONSTRAINT `carts_book_id_foreign` FOREIGN KEY (`book_id`) REFERENCES `books` (`id`),
  CONSTRAINT `carts_user_id_foreign` FOREIGN KEY (`user_id`) REFERENCES `users` (`id`)
) ENGINE=InnoDB AUTO_INCREMENT=21 DEFAULT CHARSET=utf8mb4 COLLATE=utf8mb4_unicode_ci;

INSERT INTO `carts` (`id`, `user_id`, `book_id`, `created_at`, `updated_at`) VALUES
(7,	4,	24,	NULL,	NULL);

DROP TABLE IF EXISTS `categories`;
CREATE TABLE `categories` (
  `id` bigint(20) unsigned NOT NULL AUTO_INCREMENT,
  `name` varchar(100) NOT NULL,
  `slug` varchar(100) NOT NULL,
  `created_at` timestamp NULL DEFAULT NULL,
  `updated_at` timestamp NULL DEFAULT NULL,
  PRIMARY KEY (`id`),
  UNIQUE KEY `categories_slug_unique` (`slug`)
) ENGINE=InnoDB AUTO_INCREMENT=16 DEFAULT CHARSET=utf8mb4 COLLATE=utf8mb4_unicode_ci;

INSERT INTO `categories` (`id`, `name`, `slug`, `created_at`, `updated_at`) VALUES
(1,	'SD',	'sd',	NULL,	NULL),
(2,	'SMP',	'smp',	NULL,	NULL),
(3,	'SMA',	'sma',	NULL,	NULL);

DROP TABLE IF EXISTS `migrations`;
CREATE TABLE `migrations` (
  `id` int(10) unsigned NOT NULL AUTO_INCREMENT,
  `migration` varchar(255) NOT NULL,
  `batch` int(11) NOT NULL,
  PRIMARY KEY (`id`)
) ENGINE=InnoDB AUTO_INCREMENT=33 DEFAULT CHARSET=utf8mb4 COLLATE=utf8mb4_unicode_ci;

INSERT INTO `migrations` (`id`, `migration`, `batch`) VALUES
(1,	'2014_10_12_000000_create_users_table',	1),
(12,	'2024_01_01_102157_create_categories_table',	2),
(13,	'2024_01_01_102311_create_books_table',	2),
(16,	'2024_01_02_023028_create_articles_table',	3),
(17,	'2024_01_02_023814_create_trix_rich_texts_table',	3),
(18,	'2024_01_03_180945_create_carts_table',	4),
(27,	'2024_01_04_060454_create_banks_table',	5),
(28,	'2024_01_04_074516_create_orders_table',	5),
(29,	'2024_01_04_074520_create_order_details_table',	5),
(30,	'2024_01_04_075358_create_payments_table',	5),
(31,	'2024_01_04_151423_create_user_books_table',	6),
(32,	'2024_01_04_203500_add_column_views_to_books_table',	7);

DROP TABLE IF EXISTS `orders`;
CREATE TABLE `orders` (
  `id` bigint(20) unsigned NOT NULL AUTO_INCREMENT,
  `invoice` varchar(255) NOT NULL,
  `user_id` bigint(20) unsigned NOT NULL,
  `unique_code` bigint(20) unsigned NOT NULL,
  `sub_total` bigint(20) unsigned NOT NULL,
  `total_price` bigint(20) unsigned NOT NULL,
  `status` enum('PENDING','WAITING_CONFIRMATION','SUCCESS') NOT NULL DEFAULT 'PENDING',
  `created_at` timestamp NULL DEFAULT NULL,
  `updated_at` timestamp NULL DEFAULT NULL,
  PRIMARY KEY (`id`),
  UNIQUE KEY `orders_invoice_unique` (`invoice`),
  KEY `orders_user_id_foreign` (`user_id`),
  CONSTRAINT `orders_user_id_foreign` FOREIGN KEY (`user_id`) REFERENCES `users` (`id`)
) ENGINE=InnoDB AUTO_INCREMENT=5 DEFAULT CHARSET=utf8mb4 COLLATE=utf8mb4_unicode_ci;

INSERT INTO `orders` (`id`, `invoice`, `user_id`, `unique_code`, `sub_total`, `total_price`, `status`, `created_at`, `updated_at`) VALUES
(1,	'BDN-240104H59PGGBZ',	2,	414,	120000,	120414,	'SUCCESS',	'2024-01-04 10:53:41',	'2024-01-04 15:21:43'),
(2,	'BDN-240104NABZ18JG',	2,	516,	25000,	25516,	'PENDING',	'2024-01-04 13:18:58',	'2024-01-04 13:18:58'),
(3,	'BDN-2401046IRQIEGV',	2,	857,	25000,	25857,	'WAITING_CONFIRMATION',	'2024-01-04 13:20:16',	'2024-01-04 15:25:18'),
(4,	'BDN-2401045KY8XFCX',	19,	859,	202000,	202859,	'SUCCESS',	'2024-01-04 19:16:43',	'2024-01-04 19:17:40');

DROP TABLE IF EXISTS `order_details`;
CREATE TABLE `order_details` (
  `id` bigint(20) unsigned NOT NULL AUTO_INCREMENT,
  `order_id` bigint(20) unsigned NOT NULL,
  `book_id` bigint(20) unsigned NOT NULL,
  `detail` varchar(255) DEFAULT NULL,
  `created_at` timestamp NULL DEFAULT NULL,
  `updated_at` timestamp NULL DEFAULT NULL,
  PRIMARY KEY (`id`),
  KEY `order_details_order_id_foreign` (`order_id`),
  KEY `order_details_book_id_foreign` (`book_id`),
  CONSTRAINT `order_details_book_id_foreign` FOREIGN KEY (`book_id`) REFERENCES `books` (`id`),
  CONSTRAINT `order_details_order_id_foreign` FOREIGN KEY (`order_id`) REFERENCES `orders` (`id`)
) ENGINE=InnoDB AUTO_INCREMENT=8 DEFAULT CHARSET=utf8mb4 COLLATE=utf8mb4_unicode_ci;

INSERT INTO `order_details` (`id`, `order_id`, `book_id`, `detail`, `created_at`, `updated_at`) VALUES
(1,	1,	24,	'Matematika Tingkat Lanjut (Kurikulum Merdeka) untuk SMA/MA Kelas XII (Rp 25.000)',	'2024-01-04 10:53:41',	'2024-01-04 10:53:41'),
(2,	1,	23,	'Matematika Kelas VII (Rp 95.000)',	'2024-01-04 10:53:41',	'2024-01-04 10:53:41'),
(3,	2,	24,	'Matematika Tingkat Lanjut (Kurikulum Merdeka) untuk SMA/MA Kelas XII (Rp 25.000)',	'2024-01-04 13:18:58',	'2024-01-04 13:18:58'),
(4,	3,	24,	'Matematika Tingkat Lanjut (Kurikulum Merdeka) untuk SMA/MA Kelas XII (Rp 25.000)',	'2024-01-04 13:20:16',	'2024-01-04 13:20:16'),
(5,	4,	24,	'Matematika Tingkat Lanjut (Kurikulum Merdeka) untuk SMA/MA Kelas XII (Rp 25.000)',	'2024-01-04 19:16:43',	'2024-01-04 19:16:43'),
(6,	4,	23,	'Matematika Kelas VII (Rp 95.000)',	'2024-01-04 19:16:43',	'2024-01-04 19:16:43'),
(7,	4,	22,	'Sejarah Indonesia Kelas VII (Rp 82.000)',	'2024-01-04 19:16:43',	'2024-01-04 19:16:43');

DROP TABLE IF EXISTS `payments`;
CREATE TABLE `payments` (
  `id` bigint(20) unsigned NOT NULL AUTO_INCREMENT,
  `user_id` bigint(20) unsigned NOT NULL,
  `order_id` bigint(20) unsigned NOT NULL,
  `bank_id` bigint(20) unsigned NOT NULL,
  `bank_name` varchar(255) NOT NULL,
  `bank_account_name` varchar(255) NOT NULL,
  `bank_account_number` varchar(255) NOT NULL,
  `image` varchar(255) NOT NULL,
  `status` enum('PENDING','SUCCESS') NOT NULL DEFAULT 'PENDING',
  `created_at` timestamp NULL DEFAULT NULL,
  `updated_at` timestamp NULL DEFAULT NULL,
  PRIMARY KEY (`id`),
  UNIQUE KEY `payments_order_id_unique` (`order_id`),
  KEY `payments_user_id_foreign` (`user_id`),
  KEY `payments_bank_id_foreign` (`bank_id`),
  CONSTRAINT `payments_bank_id_foreign` FOREIGN KEY (`bank_id`) REFERENCES `banks` (`id`),
  CONSTRAINT `payments_order_id_foreign` FOREIGN KEY (`order_id`) REFERENCES `orders` (`id`),
  CONSTRAINT `payments_user_id_foreign` FOREIGN KEY (`user_id`) REFERENCES `users` (`id`)
) ENGINE=InnoDB AUTO_INCREMENT=4 DEFAULT CHARSET=utf8mb4 COLLATE=utf8mb4_unicode_ci;

INSERT INTO `payments` (`id`, `user_id`, `order_id`, `bank_id`, `bank_name`, `bank_account_name`, `bank_account_number`, `image`, `status`, `created_at`, `updated_at`) VALUES
(1,	2,	1,	5,	'Emie Smitham',	'Verdie Watsica',	'83',	'public/payments/ZjdsDJCyfxAP6rSh0isInUl3jrRU8q3rWwH8p4UP.png',	'SUCCESS',	'2024-01-04 11:09:21',	'2024-01-04 15:21:43'),
(2,	2,	3,	5,	'Gabe Hessel',	'Emile Donnelly',	'429',	'public/payments/eVf0JLysbeJzy7i12zWeTpAVBKnSBQv3Z4VXoQWf.png',	'PENDING',	'2024-01-04 15:25:18',	'2024-01-04 15:25:18'),
(3,	19,	4,	1,	'BCA',	'Agus Supriyatna',	'5415268901',	'public/payments/2j5xVaZBuRkWzM2eNweM9sY8ShJK7rSTwsFbA5BS.png',	'SUCCESS',	'2024-01-04 19:17:24',	'2024-01-04 19:17:40');

DROP TABLE IF EXISTS `trix_attachments`;
CREATE TABLE `trix_attachments` (
  `id` bigint(20) unsigned NOT NULL AUTO_INCREMENT,
  `field` varchar(255) NOT NULL,
  `attachable_id` int(10) unsigned DEFAULT NULL,
  `attachable_type` varchar(255) NOT NULL,
  `attachment` varchar(255) NOT NULL,
  `disk` varchar(255) NOT NULL,
  `is_pending` tinyint(1) NOT NULL DEFAULT 1,
  `created_at` timestamp NULL DEFAULT NULL,
  `updated_at` timestamp NULL DEFAULT NULL,
  PRIMARY KEY (`id`)
) ENGINE=InnoDB AUTO_INCREMENT=4 DEFAULT CHARSET=utf8mb4 COLLATE=utf8mb4_unicode_ci;

INSERT INTO `trix_attachments` (`id`, `field`, `attachable_id`, `attachable_type`, `attachment`, `disk`, `is_pending`, `created_at`, `updated_at`) VALUES
(3,	'content',	NULL,	'App\\Models\\Article',	'g373QuKsJZaa9IJg547n9zDM2MZGGg7MUX50cbDW.odt',	'public',	1,	'2024-01-04 19:03:04',	'2024-01-04 19:03:04');

DROP TABLE IF EXISTS `trix_rich_texts`;
CREATE TABLE `trix_rich_texts` (
  `id` bigint(20) unsigned NOT NULL AUTO_INCREMENT,
  `field` varchar(255) NOT NULL,
  `model_type` varchar(255) NOT NULL,
  `model_id` bigint(20) unsigned NOT NULL,
  `content` text DEFAULT NULL,
  `created_at` timestamp NULL DEFAULT NULL,
  `updated_at` timestamp NULL DEFAULT NULL,
  PRIMARY KEY (`id`),
  KEY `trix_rich_texts_model_type_model_id_index` (`model_type`,`model_id`)
) ENGINE=InnoDB AUTO_INCREMENT=81 DEFAULT CHARSET=utf8mb4 COLLATE=utf8mb4_unicode_ci;

INSERT INTO `trix_rich_texts` (`id`, `field`, `model_type`, `model_id`, `content`, `created_at`, `updated_at`) VALUES
(62,	'content',	'App\\Models\\Article',	22,	'<p>Molestiae quis non sed fuga ea culpa aliquid. Est facere aut hic officia. Suscipit et omnis similique dolorem eum fugit numquam. Doloremque ut voluptatem reprehenderit.</p><p>Et est quos laborum nesciunt. Laudantium et nihil unde amet molestiae. Unde illo ut tempore et ipsum sequi.</p><p>Non et fuga id maxime sint. Corrupti deserunt quis culpa corporis corrupti sequi consequatur. Rerum molestiae aliquam necessitatibus rerum cum ipsum unde. Aut sit nisi ut.</p><p>Tenetur molestiae qui nobis cumque velit aut. Voluptas illum distinctio atque dolorem nesciunt. Blanditiis et voluptas omnis delectus. Magni dolor odit aperiam maiores.</p>',	'2024-01-04 19:00:11',	'2024-01-04 19:00:11'),
(63,	'content',	'App\\Models\\Article',	23,	'<p>Qui tenetur iure cupiditate nemo. Magnam sed repellat in laboriosam. Praesentium quos et quam veritatis quidem consequuntur.</p><p>Qui corporis voluptas et sequi. Voluptatem qui quod optio sint. Est corrupti doloremque et magni. Non quis dolor sed nihil et quidem ex nihil.</p><p>Dolorem non molestias nihil et porro rerum. Ea adipisci delectus nihil earum explicabo quasi doloribus. Ut quisquam minima dignissimos consequuntur omnis eos.</p><p>Facilis dolore nesciunt eaque. Eos quod voluptates amet minima ipsum omnis. Cupiditate reprehenderit aspernatur dolorem praesentium id magnam quidem.</p>',	'2024-01-04 19:00:46',	'2024-01-04 19:00:46'),
(64,	'content',	'App\\Models\\Article',	24,	'<p>Ipsa laborum excepturi id qui saepe laboriosam. Sapiente harum suscipit quia aperiam sequi ipsam explicabo. Qui temporibus nemo sint unde recusandae omnis aliquam.</p><p>Quibusdam officiis quasi quia et. Dolores sint iusto deleniti doloremque et rem nulla. Et ut eum quia officia sint. Dolores ut nihil perspiciatis aut veniam ea.</p><p>Nostrum harum qui aut fugit recusandae omnis. Dolores neque libero dolorem aliquam non necessitatibus et. Unde sed sit voluptatem.</p><p>Sit quia et dignissimos voluptas dignissimos ratione. Vel distinctio ut assumenda sed velit voluptatem dolorem. Itaque consequatur sunt nostrum itaque ducimus.</p>',	'2024-01-04 19:00:46',	'2024-01-04 19:00:46'),
(65,	'content',	'App\\Models\\Article',	25,	'<p>Accusamus asperiores architecto consequatur. Sed excepturi assumenda quia beatae earum rerum vel sit. Ea error eum et et est.</p><p>Illum architecto aliquid autem animi reprehenderit explicabo illum. Optio aut voluptate ipsa ex culpa provident ea. Quos quaerat facilis alias aut ut cum saepe. Veritatis aut est cupiditate.</p><p>Fugit nisi sit esse recusandae est. Laborum est consequatur ipsa consequuntur itaque dolor et ea. Tempore ut voluptatum ea nam veritatis dolores aut cumque.</p><p>Deserunt ut sit nulla dolorem. Dolores doloremque non delectus architecto provident magni quam non. Accusantium exercitationem velit in laboriosam minus.</p>',	'2024-01-04 19:00:46',	'2024-01-04 19:00:46'),
(66,	'content',	'App\\Models\\Article',	26,	'<p>Quia omnis similique voluptatem dolorem voluptatem soluta eius. Qui et sapiente nemo accusamus suscipit. Sed quisquam sunt fuga officiis non aut.</p><p>Quisquam veniam et neque et culpa atque ratione. Sequi esse esse sed eligendi. Optio corrupti et id ut.</p><p>Recusandae fugit iste beatae consequatur iusto sed aut ut. Iusto neque assumenda velit dolores accusantium qui. Ea eaque et qui eius.</p><p>Recusandae deleniti commodi est quis quia aut qui ea. Dolorum ut ipsam ut expedita officia deserunt. Ipsa dolore eaque sunt nisi fugit. Molestias veritatis qui ex earum commodi reprehenderit ut.</p>',	'2024-01-04 19:00:46',	'2024-01-04 19:00:46'),
(67,	'content',	'App\\Models\\Article',	27,	'<p>Laborum aut quia eum eaque consequatur architecto odit. Eveniet fugit expedita aut dolorem. Illo quam est nobis.</p><p>Cumque numquam accusantium iste et. Nesciunt adipisci perferendis porro sint beatae aspernatur. Distinctio illum repudiandae necessitatibus quaerat beatae. Accusamus qui ea necessitatibus itaque.</p><p>Illo omnis aut similique. Nemo quo accusantium necessitatibus aut. Cumque quia dolorem fuga ut ducimus repellat perferendis. Voluptas minima deserunt dolores beatae quasi omnis reprehenderit.</p><p>Qui temporibus recusandae accusantium eos libero voluptas esse voluptatem. Dolorem fugiat corporis rerum tempora officiis eligendi facere aut. Molestias sed voluptatem atque doloremque molestiae.</p>',	'2024-01-04 19:00:46',	'2024-01-04 19:00:46'),
(68,	'content',	'App\\Models\\Article',	28,	'<p>Quia hic error qui animi aliquam itaque voluptas. Et et autem et non. Nihil aut itaque ad cumque alias. Eveniet voluptatem quasi eveniet optio aut repellat esse.</p><p>Explicabo aspernatur quia consequuntur est. Perspiciatis est beatae quis dolor eligendi qui aut. Perspiciatis repudiandae dolores sit magni in laborum.</p><p>Est consequatur nulla iure. Consequuntur cumque error natus molestias consectetur dolore temporibus dicta. Possimus fugit consequuntur beatae et rem odit sunt.</p><p>Ipsum doloremque ipsam quo reprehenderit ut alias. Ut autem optio asperiores ut totam distinctio iste. Sint quis omnis eius ullam non nihil enim. Suscipit dolore delectus dolorum ea aut consequatur.</p>',	'2024-01-04 19:00:46',	'2024-01-04 19:00:46'),
(69,	'content',	'App\\Models\\Article',	29,	'<p>Aut corrupti qui soluta est. Fugit praesentium ipsum tempora sit veniam autem. Placeat et cumque dolores laborum praesentium ab. Quia voluptatem qui voluptatem.</p><p>Officiis alias quasi tempore maiores unde recusandae autem. Ipsam aut quo aspernatur maxime nulla sit cum et. Facilis voluptas provident quam qui iste.</p><p>Qui sapiente in sit. Quod optio natus animi quisquam. Autem quisquam blanditiis beatae et. Doloremque aspernatur consectetur repellat hic aspernatur saepe ratione.</p><p>Autem corporis molestias eos aut et ab. Qui occaecati voluptatem vitae impedit nam. Incidunt labore distinctio velit a non itaque.</p>',	'2024-01-04 19:00:46',	'2024-01-04 19:00:46'),
(70,	'content',	'App\\Models\\Article',	30,	'<p>Magnam suscipit saepe ea sit aliquam qui dignissimos. Sint sint ullam esse maiores nostrum. Debitis voluptatem rerum quod molestiae officiis. Quo fuga ipsam corporis rerum quam et.</p><p>Architecto quam assumenda provident numquam est. Esse adipisci est id quo nulla inventore. Distinctio eaque perferendis facere blanditiis aperiam maiores dolorem. Voluptatum occaecati quia voluptas est aut sed.</p><p>Velit ut cum facere. Expedita quidem qui quibusdam tempore sunt quidem. Eaque corporis sed quia dolorem error est. Vel atque eos distinctio tempora.</p><p>Aut et qui non deserunt aut. Ex aut officia aut quia esse ab. Nobis repellat dolorem repellat et omnis aliquid in.</p>',	'2024-01-04 19:00:46',	'2024-01-04 19:00:46'),
(71,	'content',	'App\\Models\\Article',	31,	'<p>Quia accusantium qui accusamus et ad eaque. Ut nihil aut beatae asperiores non velit vitae. Est officiis quia aliquid at consequatur ducimus fugit. Repudiandae totam et nobis ex facilis.</p><p>Mollitia quia harum quia sunt dolore aut est. Ipsa impedit rerum tempora sit aut doloremque. Voluptates enim nihil quaerat at dicta accusamus. Non totam sit in alias dolores.</p><p>At aliquam at libero quis explicabo dolore. Enim atque quae ut ea dolore repudiandae. Rem soluta molestiae magni consequatur porro hic.</p><p>Aperiam suscipit ipsum nihil vero quae illum. Quis maxime laboriosam dolorem cupiditate distinctio. Temporibus qui sunt sit magnam. Eveniet nihil sit rerum nobis et tempore.</p>',	'2024-01-04 19:00:46',	'2024-01-04 19:00:46'),
(72,	'content',	'App\\Models\\Article',	32,	'<p>Voluptate ipsa temporibus odit id repudiandae. A et et inventore ut asperiores quo magnam. Ullam inventore nostrum veritatis non amet ut. Cumque in vel culpa similique et est.</p><p>Dolor ut dolorem velit ut. Ut commodi expedita delectus sit. Et non tempora modi dicta ullam temporibus non quasi.</p><p>Possimus et et aut omnis omnis. Dolor delectus iusto suscipit.</p><p>Excepturi perspiciatis dicta qui fuga quia. Est fugit doloremque in saepe. Atque tenetur aut sapiente id.</p>',	'2024-01-04 19:00:46',	'2024-01-04 19:00:46'),
(73,	'content',	'App\\Models\\Article',	33,	'<p>Cumque quae nesciunt et rerum eaque. Corrupti culpa sit et nobis voluptas corporis quasi. Assumenda voluptatem praesentium omnis molestiae. Qui fuga qui quia ut sed porro impedit sit.</p><p>Minima dolor mollitia quos. Atque corrupti iure quis illo voluptatem fuga repudiandae.</p><p>Accusamus occaecati omnis est tempore. Dignissimos non voluptatem ut ullam aut nam exercitationem sapiente. Ea aspernatur consequuntur beatae veniam sint voluptatum.</p><p>At repellat est ea labore. Et aperiam quam voluptas odio dignissimos dolores. Dicta illum nostrum at illo doloribus. Voluptas et fugit amet minus.</p>',	'2024-01-04 19:00:46',	'2024-01-04 19:00:46'),
(74,	'content',	'App\\Models\\Article',	34,	'<p>Sequi enim et dolorum voluptate minus. Debitis rerum molestiae ex quia. Ut quaerat eaque vel praesentium rerum ut.</p><p>Similique ut voluptas minima sequi adipisci non aut. Et enim saepe rerum ut eos consequuntur. Dolor illo vel quibusdam temporibus doloribus quisquam. Eveniet iure eum totam ratione modi.</p><p>Facere unde rerum aut esse cum ut. Voluptatum ex eum magnam ducimus et. Quidem et neque id sit eos corrupti. At praesentium odio culpa.</p><p>Dolores enim quo ullam quo et voluptates. Est blanditiis inventore omnis nobis enim. Ipsum deleniti rerum quasi adipisci. Autem velit quo et quasi consectetur accusamus dolore.</p>',	'2024-01-04 19:00:46',	'2024-01-04 19:00:46'),
(75,	'content',	'App\\Models\\Article',	35,	'<div>Pernahkah kamu menjadi malas membaca karena melihat lembaran buku yang terlalu tebal? Memang, membaca teks yang padat dapat menghabiskan waktu, melelahkan secara mental, dan menyusahkan kamu memahami bacaan tersebut. Itulah alasan mengapa kamu perlu mempelajari cara membaca cepat agar dapat menjadi kemampuan baru yang bisa kamu integrasikan dalam hidupmu.<br><br></div><div>Memaksimalkan kecepatan membaca dan mengingat lebih banyak dari apa yang kamu baca dapat berkontribusi pada pembelajaran keterampilan baru kamu secara keseluruhan, belajar dengan tujuan akademis, bahkan sekadar menikmati buku fiksi pada waktu luangmu. Menurut Anson, LCSW., seorang direktur kesehatan di Insight Therapty Solutions, membaca lebih cepat bukan hanya perihal membuat klub bukumu terkesan dengan kehebatan kamu dalam membalik halaman. Di dunia yang penuh dengan informasi, kemampuan untuk membaca teks dengan cepat sangat dibutuhkan.<br><br></div><div>Dengan kata lain, mengetahui cara membaca cepat seperti memiliki kekuatan super yang tersembunyi. Pembaca cepat dapat terus mengetahui berita dan tren terkini serta meningkatkan produktivitas di tempat kerja. Dengan kata lain, membaca cepat membantu kamu memperoleh lebih banyak pengetahuan dalam waktu lebih singkat.<br><br></div><div><strong><br>Mengapa Membaca Cepat itu Penting?<br></strong><br></div><div>Terdapat beberapa manfaat dari membaca cepat, yaitu:<br><br></div><div><strong><br>1. Meningkatkan Fokus<br></strong><br></div><div>Salah satu penyebab orang kesulitan membaca adalah kurangnya fokus. Apalagi saat ini dengan adanya teknologi digital di seluruh aspek kehidupan manusia, semakin sulit untuk tetap berdedikasi pada satu tugas. Kamu dapat belajar melatih kembali pikiran kamu dan memfokuskan energi dan perhatian kamu dengan membaca.<br><br></div><div><strong><br>2. Menghemat Waktu<br></strong><br></div><div>Jika kamu dapat membaca e-mail atau dokumen dalam separuh waktu yang biasanya kamu perlukan, kamu hanya menghemat waktu yang kini dapat kamu gunakan untuk melakukan hal lain. Produktivitas kamu akan meningkat dua kali lipat dan kamu akan menyelesaikan lebih banyak pekerjaan dalam waktu lebih singkat.<br><br></div><div><strong><br>3. Menantang Otak<br></strong><br></div><div>Setiap keterampilan baru yang kamu peroleh akan menantang kekuatan otak kamu dalam prosesnya. Selain itu, saat kamu memperluas kapasitas untuk menyimpan lebih banyak informasi, otak kamu menjadi aktif dan lebih bekerja dengan baik.<br><br></div><div><strong><br>4. Meningkatkan Kesehatan Mental<br></strong><br></div><div>Penelitian tahun 2009 yang dilakukan oleh Universitas Sussex menunjukkan bahawa membaca enam menit sehari dapat mengurangi stres sebesar 68%. Statistik menunjukkan bahwa rata-rata kecepatan membaca senyap orang dewasa adalah 238 kata per menit. Namun, dengan pelatihan yang tepat untuk mempelajari cara membaca lebih cepat, kamu dapat melipatgandakan kecepatan membacamu.<br><br></div><div><strong><br>Apakah Membaca Cepat Memiliki Sisi Buruk?<br></strong><br></div><div>Membaca cepat memang memiliki manfaat. Namun, kamu harus berhati-hati, Anson dan Fleming mengatakan bahwa terlalu cepat membaca juga dapat menggagalkan tujuan membacamu, yaitu memahami isi bacaan. Terburu-buru membaca buku mungkin tidak memberikan kesempatan pada otakmu untuk memproses ceritanya. Membaca teks dengan cepat dapat membuat kamu kehilangan konsep yang lebih halus.<br><br></div><div>Pada akhirnya, kecepatan belerja lebih baik untuk beberapa jenis membaca dibandingkan yang lain. Bayangkan kamu mencoba membaca resep masakan dengan cepat dan berakhir dengan masakan yang berbeda karena salah takaran dan langkah-langkahnya. Lantas, bagaimana cara membaca cepat dan tetap memahami isi bacaan? Berikut ulasannya :<br><br></div><div><strong><br>Bagaimana Cara Membaca Lebih Cepat dan Tetap Memahami Isi Bacaan?<br></strong><br></div><div><strong><br>1. Pratinjau Teksnya Terlebih Dahulu<br></strong><br></div><div>Melihat cuplikan film sebelum menonton film, memberi tahu kamu apa yang diharapkan. Demikian pula, melakukan pratinjau teks sebelum membacanya akan mempersiapkan kamu untuk segera memperoleh pemahaman tentang apa yang akan kamu baca. Untuk melihat pratinjau teks, pindai teks dari awal hingga akhir, berikan perhatian khusus pada judul, subjudul, apa pun yang dicetak tebal atau besar, dan poin-poin. Untuk mendapatkan pemahaman gambaran besar, bacalah paragraf pendahuluan dan penutup. Cobalah untuk mengidentifikasi kalimat transisi, periksa gambar atau grafik apa pun, dan cari tahu bagaimana penulis menyusun teksnya.<br><br></div><div><strong><br>2. Rencanakan Langkah yang Akan Kamu Lakukan<br></strong><br></div><div>Mendekati teks secara strategis akan membuat perbedaan besar dalam seberapa efisien kamu mencerna isi bacaan. Pertama, pikirkan tujuanmu. Catatlah beberapa pertanyaan yang ingin kamu temukan jawabannya di akhir. Kemudian, tentukan tujuan penulis menulis materi berdasarkan preview kamu. Jika tujuan kamu lebih terbatas cakupannya dibandingkan tujuan penulis, rencanakan untuk hanya mencari dan membaca bagian yang relevan.<br><br></div><div>Selain itu, cobalah untuk variasikan rencana kamu berdasarkan jenis materi yang akan kamu baca. Jika kamu akan membaca teks hukum atau ilmiah, kamu mungkin harus merencanakan untuk membaca bagian-bagian tertentu dengan lebih lambat dan hati-hati dibandingkan dngan membaca novel atau majalah.<br><br></div>',	'2024-01-04 19:00:46',	'2024-01-04 19:13:44'),
(76,	'content',	'App\\Models\\Article',	36,	'<div>Apakah kamu pernah merasa stuck dalam hidup? Seperti merasa tidak ada kemajuan, atau tidak tahu apa yang harus dilakukan selanjutnya? Jika iya, kamu tidak sendirian. Banyak orang yang merasa seperti itu, dan salah satu cara untuk mengatasinya adalah dengan membaca buku self-improvement. Buku self-improvement adalah buku yang membahas tentang pengembangan diri, baik secara personal maupun profesional. Buku ini dapat membantu kita untuk memahami diri sendiri, meningkatkan keterampilan, dan mencapai tujuan. Berikut ini adalah lima alasan kenapa kamu harus membaca buku self-improvement, meski hanya sekali.<br><br></div><div><strong>1. Memberikan inspirasi dan motivasi<br></strong><br></div><div><figure data-trix-attachment=\"{&quot;contentType&quot;:&quot;image&quot;,&quot;height&quot;:200,&quot;url&quot;:&quot;https://henbuk.com/info/wp-content/uploads/2023/12/lovely-asian-young-lady-portriat-happy-woman-lifestyle-concept_1150-9024-300x200.webp&quot;,&quot;width&quot;:300}\" data-trix-content-type=\"image\" class=\"attachment attachment--preview\"><img src=\"https://henbuk.com/info/wp-content/uploads/2023/12/lovely-asian-young-lady-portriat-happy-woman-lifestyle-concept_1150-9024-300x200.webp\" width=\"300\" height=\"200\"><figcaption class=\"attachment__caption\"></figcaption></figure><br>Dalam hidup, pasti ada saat-saat dimana kamu merasa kurang termotivasi dan terinspirasi untuk mencapai tujuanmu. Dengan membaca buku self improvement, kamu dapat menemukan kisah-kisah inspiratif dari orang-orang yang telah sukses. Dari buku self-improvement kamu juga akan belajar tentang pengalaman bagaimana mereka mencapai kesuksesan tersebut. Hal ini dapat memotivasi kita untuk terus berusaha dan tidak mudah menyerah dalam mencapai impian kita.<br><br></div><div><strong>2. Membantumu memahami diri sendiri<br></strong><br></div><div><figure data-trix-attachment=\"{&quot;contentType&quot;:&quot;image&quot;,&quot;height&quot;:300,&quot;url&quot;:&quot;https://henbuk.com/info/wp-content/uploads/2023/12/side-view-woman-with-glasses-reading_23-2148418597-300x300.webp&quot;,&quot;width&quot;:300}\" data-trix-content-type=\"image\" class=\"attachment attachment--preview\"><img src=\"https://henbuk.com/info/wp-content/uploads/2023/12/side-view-woman-with-glasses-reading_23-2148418597-300x300.webp\" width=\"300\" height=\"300\"><figcaption class=\"attachment__caption\"></figcaption></figure><br>Buku self-improvement bisa membantumu memahami diri sendiri lebih baik. Buku-buku self-improvement biasanya membahas tentang berbagai macam aspek diri manusia, seperti kepribadian, emosi, pikiran, dan perilaku.<br><br></div><div>Dengan membaca buku self-improvement, kamu bisa belajar tentang kekuatan dan kelemahanmu. Kamu juga bisa belajar tentang cara mengelola emosimu dengan lebih baik, cara berpikir yang lebih positif, dan cara mengubah perilakumu menjadi lebih baik<br><br></div><div><strong>3. Memberi ketrampilan baru<br></strong><br></div><div><figure data-trix-attachment=\"{&quot;contentType&quot;:&quot;image&quot;,&quot;height&quot;:200,&quot;url&quot;:&quot;https://henbuk.com/info/wp-content/uploads/2023/12/pexels-min-an-1313809-db09546aab4e41b04b8e0c92e4d470d5-f0d9b15296b175bf688ab89765ee252b-300x200.jpg&quot;,&quot;width&quot;:300}\" data-trix-content-type=\"image\" class=\"attachment attachment--preview\"><img src=\"https://henbuk.com/info/wp-content/uploads/2023/12/pexels-min-an-1313809-db09546aab4e41b04b8e0c92e4d470d5-f0d9b15296b175bf688ab89765ee252b-300x200.jpg\" width=\"300\" height=\"200\"><figcaption class=\"attachment__caption\"></figcaption></figure><br>Buku self-improvement bisa mengajarkanmu keterampilan baru yang bisa bermanfaat dalam hidupmu. Buku-buku self-improvement biasanya membahas tentang berbagai macam keterampilan, seperti keterampilan komunikasi, keterampilan kepemimpinan, keterampilan manajemen waktu, dan keterampilan lainnya.<br><br></div><div>Dengan mempelajari keterampilan baru dari buku self-improvement, kamu bisa meningkatkan kemampuanmu dan menjadi orang yang lebih berguna. Selain itu, buku self-improvement juga memberikan tips dan strategi untuk mencapai tujuan hidup yang diinginkan.<br><br></div><div><strong>4. Membantu menghadapi tantangan<br></strong><br></div><div><figure data-trix-attachment=\"{&quot;contentType&quot;:&quot;image&quot;,&quot;height&quot;:200,&quot;url&quot;:&quot;https://henbuk.com/info/wp-content/uploads/2023/12/pexels-yogendra-singh-731510-db09546aab4e41b04b8e0c92e4d470d5-50f20137754c0f1043fe3722774564bc-300x200.jpg&quot;,&quot;width&quot;:300}\" data-trix-content-type=\"image\" class=\"attachment attachment--preview\"><img src=\"https://henbuk.com/info/wp-content/uploads/2023/12/pexels-yogendra-singh-731510-db09546aab4e41b04b8e0c92e4d470d5-50f20137754c0f1043fe3722774564bc-300x200.jpg\" width=\"300\" height=\"200\"><figcaption class=\"attachment__caption\"></figcaption></figure><br>Setiap orang pasti mempunyai tantangannya masing-masing. Buku self-improvement bisa membantumu menghadapi tantangan dalam hidupmu. Buku-buku self-improvement biasanya membahas tentang cara mengatasi berbagai macam tantangan, seperti stres, kecemasan, dan kegagalan.<br><br></div><div>Dengan membaca buku self-improvement, kamu bisa belajar tentang cara menghadapi tantangan dengan lebih baik dan lebih positif.<br><br></div><div><strong>5. Membuat hidup lebih bahagia<br></strong><br></div><div><figure data-trix-attachment=\"{&quot;contentType&quot;:&quot;image&quot;,&quot;height&quot;:200,&quot;url&quot;:&quot;https://henbuk.com/info/wp-content/uploads/2023/12/pexels-streetwindy-2912519-db09546aab4e41b04b8e0c92e4d470d5-6cc8639402556145155be36902488a83-300x200.jpg&quot;,&quot;width&quot;:300}\" data-trix-content-type=\"image\" class=\"attachment attachment--preview\"><img src=\"https://henbuk.com/info/wp-content/uploads/2023/12/pexels-streetwindy-2912519-db09546aab4e41b04b8e0c92e4d470d5-6cc8639402556145155be36902488a83-300x200.jpg\" width=\"300\" height=\"200\"><figcaption class=\"attachment__caption\"></figcaption></figure><br>Buku self-improvement bisa membuat hidupmu lebih bahagia. Buku-buku self-improvement biasanya membahas tentang cara meningkatkan kualitas hidup, seperti cara meningkatkan hubungan dengan orang lain, cara menemukan tujuan hidup, dan cara menjalani hidup dengan lebih damai. Dengan membaca buku self-improvement, kamu bisa belajar tentang cara membuat hidupmu menjadi lebih bahagia dan lebih bermakna.<br><br></div><div>Sekarang lima alasan di atas bisa kamu jadikan pertimbangan kenapa kamu harus membaca buku self-improvement, meski hanya sekali. Jadi, tunggu apa lagi? Yuk, mulai baca buku self-improvement sekarang juga!<br><br></div>',	'2024-01-04 19:00:46',	'2024-01-04 19:10:24'),
(77,	'content',	'App\\Models\\Article',	37,	'<div>Sudah rahasia umum bahwa membaca buku memiliki seribu manfaat. Buku merupakan satu di antara sumber pengetahuan yang bisa menambah wawasan.Namun siapa sangka, ternyata buku bisa membantu mendukung kesehatan fisik dan mental. Berikut adalah lima manfaat membaca buku bagi kesehatan seseorang ;<br><br></div><div><strong>1. Membantu Mengelola Stres<br></strong><br></div><div>“Membaca dapat membantu mengurangi tingkat stres, memberikan jeda yang sangat dibutuhkan dari tantangan kehidupan sehari-hari,” kata Alice Williams, MD, seorang dokter yang berbasis di New Mexico, Amerika Serikat.<br><br></div><div>“Ketika seseorang sudah ‘masuk ke dalam’ buku yang bagus, tubuhnya akan akan mulai rileks, dan pernapasan akan melambat. Hal ini dapat menyebabkan penurunan denyut jantung dan tekanan darah, yang dapat meningkatkan perasaan sejahtera secara keseluruhan.”<br><br></div><div>Penelitian tampaknya mendukung manfaat tersebut. Satu studi sebelumnya tentang berbagai teknik manajemen stres untuk siswa menemukan bahwa membaca bahkan hanya 30 menit setiap kali efektif dalam mengurangi stres akut.<br><br></div><div><strong>2. Meningkatkan Kesehatan Mental<br></strong><br></div><div>Menurut National Alliance on Mental Illness, membaca membantu meningkatkan kesejahteraan mental dengan mengurangi stres dan membantu memberikan pelarian yang sehat. Sebuah studi tentang membaca pada remaja juga menemukan bahwa membaca buku menyebabkan peningkatan perhatian dan perasaan optimisme, selain itu juga menurunkan tingkat kecemasan dan depresi. Dia juga mencatat pentingnya membaca untuk mengurangi kesepian<br><br></div><div>“Biblioterapi membantu mengatasi depresi karena membantu pemahaman emosional dan kesadaran diri,” kata Holly Schiff, PsyD, seorang psikolog klinis berlisensi yang berbasis di Connecticut untuk Layanan Keluarga Yahudi Greenwich.<br><br></div><div><strong>3. Meningkatkan Empati dan Hubungan<br></strong><br></div><div>Ketika seseorang membacakan buku untuk bayi atau balita, ia membantu mereka dengan perkembangan otak yang melampaui perkembangan bahasa. Selain itu, juga berkontribusi pada pembelajaran emosional mereka. Keterampilan seperti itu juga dapat dibangun sepanjang hidup sebagai pembaca. Empati, atau kemampuan untuk memahami dan berbagi bagaimana perasaan orang lain, merupakan pondasi penting untuk hubungan sosial dan interpersonal. Penelitian sebelumnya menunjukkan bahwa membaca buku fiksi khususnya dapat menghasilkan efek sosial-kognitif serupa yang dapat diperoleh dalam interaksi sosial kehidupan nyata.<br><br></div><div><strong>4. Meningkatkan Fungsi Kognitif<br></strong><br></div><div>Membaca buku dapat membantu anak-anak membangun keterampilan kognitif sebagai bagian dari perkembangan sehat mereka, manfaat tersebut juga dapat meluas ke orang dewasa yang lebih tua. Penelitian menunjukkan bahwa aktivitas kognitif yang berhubungan secara teratur sepanjang masa kanak-kanak dan dewasa dapat memperlambat penurunan kognitif seiring bertambahnya usia. Salah satu kegiatan yang dapat membantu adalah membaca buku.<br><br></div><div>“Membaca adalah aktivitas kognitif yang bekerja pada otak dan mencegah kehilangan memori. Membaca adalah aktivitas stimulasi mental yang meningkatkan aliran darah, oksigen, dan nutrisi ke otak. Ini juga dapat membantu menunda penurunan dan gangguan kognitif dan dikaitkan dengan fungsi kognitif yang lebih baik” kata Schiff.<br><br></div><div><strong>5. Membantu Hidup Lebih Lama&nbsp;<br></strong><br></div><div>Olahraga teratur dan diet sehat hanyalah beberapa cara untuk memperpanjang umur, efek kognitif dari membaca buku bahkan dapat membantu hidup lebih lama. Menurut sebuah studi terkait, pembaca buku memiliki rata-rata umur 23 bulan lebih lama dibandingkan dengan pembaca non-buku. Membaca buku tentu bukan pengganti perilaku sehat lainnya. Tetapi ketika mempertimbangkan manfaat kolektif yang dibahas dalam daftar ini, seperti manfaat kesehatan kognitif, sosial, dan mental, dapat dimengerti untuk melihat bagaimana membaca dapat membantu seseorang menjalani kehidupan yang lebih lama dan lebih memuaskan.<br><br></div>',	'2024-01-04 19:00:46',	'2024-01-04 19:09:22'),
(78,	'content',	'App\\Models\\Article',	38,	'<div>Beberapa rak berisi berbagai jenis buku fiksi, dari puisi, cerita pendek, hingga novel, memenuhi ruangan Post Bookshop. Koleksi buku nonfiksi juga tersedia di toko buku yang berada di lantai atas Pasar Santa, Kebayoran Baru, Jakarta Selatan, tersebut. Misalnya buku terbitan Marjin Kiri seperti Merebut Ruang Kota dan Dilarang Gondrong. Buku anyar terbitan Gang Kabel, Penyair sebagai Mesin karya Martin Suryajaya, juga ada di sana. Para pengunjung juga bisa menjumpai koleksi buku berbahasa Inggris, dari A Kidnapped West karya Milan Kundera hingga It Came from the Closet karangan Joe Vallese. Sebagai dekorasi, tiga poster berbingkai kayu tersusun rapi di atas rak buku. Salah satu poster itu bergambar sampul buku On the Road karya penulis Amerika Serikat, Jack Kerouac.Berdiri pada 2014, Post Bookshop bukan sekadar tempat berjualan, melainkan ruang yang begitu personal. Begitulah konsep yang Teddy W. Kusuma usung ketika mendirikan toko buku tersebut bersama istrinya, Maesy Ang. “Aku ingin jaga toko buku sampai tua, karena ini tempat yang personal,” ujar Teddy saat berbincang dengan Tempo, Senin, 5 Juni lalu. Teddy percaya bahwa setiap pengunjung mempunyai pengalaman pribadi ketika berkunjung ke toko buku. Karena itu, ia merancang Post Bookshop bergaya minimalis dengan kesan yang nyaman: dekorasi sederhana, pilihan musik teduh sebagai pengiring suasana, dan yang paling utama adalah koleksi buku.Teddy menuturkan, fokus utama Post Bookshop di awal perjalanannya adalah menghadirkan buku-buku yang diterbitkan penerbit independen yang tidak tersedia di toko buku besar. Tokonya juga menghadirkan alternatif bacaan baru kepada masyarakat pembaca melalui buku-buku berbahasa Inggris. Ikhtiar itu mereka lanjutkan dengan membuat sejumlah kegiatan di toko. Salah satunya diskusi buku yang baru terbit. Biasanya diskusi digelar secara intim dengan jumlah peserta terbatas, 12-14 orang. Sebagai pengembangan usaha, Teddy dan Maesy mendirikan penerbitan independen bernama Post Press pada 2016. Teddy mengatakan buku terbitan Post Press masih dirawat dalam jangka panjang. Dengan kata lain, buku terbitan mereka akan selalu ada dan bisa dimiliki oleh pembaca. “Jadi akan selalu ada, setidaknya di sini. Jadi ketika orang cari pasti ada,” tuturnya.Post Bookshop, Teddy menambahkan, juga berusaha menciptakan peristiwa berkunjung ke toko buku sebagai sesuatu yang menyenangkan. Sebagai toko buku independen dengan biaya operasional dan orang-orang yang relatif sedikit, Teddy percaya jalur tersebut lebih mungkin ditempuh untuk dapat bertahan.<br>Bagi Teddy, setiap perjumpaan dengan para pengunjung mempunyai peristiwa masing-masing. “Nah, toko buku kecil biasanya seperti itu. Jadi ada interaksi personal,” ucapnya.•••<br>Di tengah tutupnya sejumlah toko buku besar, seperti Gunung Agung yang akan menutup semua gerainya tahun ini, kehadiran toko buku alternatif boleh dibilang memberi harapan. Kehadiran mereka yang menjamur di sejumlah kota ikut menggairahkan dunia perbukuan di Tanah Air yang lesu. Selain Post Bookshop di Jakarta, ada toko buku alternatif Buku Akik di Yogyakarta. Saat Tempo berkunjung ke toko buku di Jalan Kaliurang, Ngaglik, Sleman, Daerah Istimewa Yogyakarta, pada Senin, 5 Juni lalu, tersebut, alunan musik Silampukau mengalun syahdu dari piringan hitam yang diputar. Lagu-lagu band asal Surabaya itu menemani pengunjung toko buku milik Tomi Wibisono tersebut.</div><div><br></div><div>Sebagian pengunjung berselonjor dan khusyuk membaca, yang lain duduk-duduk di karpet perpustakaan. Ada juga yang membaca sambil duduk di kursi menghadap meja. Sebagian lagi melihat-lihat buku dan buah tangan berupa kaus, pin, dan tote bag. Kain berwarna hijau bertulisan kutipan sastrawan dan filsuf Prancis, Voltaire, berisi ajakan membaca tampak menjuntai. Mesin-mesin tik tua dipajang di sela-sela buku.<br><br></div><div>Buku Akik lebih banyak menjual buku terbitan penerbit independen serta menempatkan buku-buku lawas dan langka di sudut perpustakaan. Etalase buku lebih banyak memajang buku sastra, filsafat, dan musik. Contohnya buku filsuf Friedrich Nietzsche, Karl Marx, dan Rosa Luxemburg. Jumlah buku yang populer serta buku motivasi minor dan tidak ditaruh di etalase utama. Berdiri pada 2018, Buku Akik berinovasi dengan berbagai cara untuk dapat bertahan di tengah tutupnya sederet toko buku arus utama. Selain memberi ruang lebih untuk buku-buku terbitan penerbit independen, Tomi menempuh cara yang bisa menghadirkan pengalaman ketika orang-orang, sebagian besar kalangan muda, berkunjung ke toko buku.<br><br></div><div>Tomi menjelaskan, Buku Akik menekankan sentuhan personal, penataan buku yang membawa orang pada sensasi rasa ingin tahu, suasana toko yang klasik, dan pernak-pernik buah tangan yang unik. “Pengalaman berkunjung itulah yang kami jual,” katanya. Tomi mengungkapkan, Buku Akik terinspirasi sejumlah toko buku yang ia kunjungi di luar negeri. Contohnya BooksActually dan Cat Socrates di Singapura. Dia juga pernah berkunjung ke Shakespeare and Co, toko buku legendaris sekaligus perpustakaan di Prancis. “Toko-toko buku itu menjual suasana yang terasa nyaman dan merchandise,” ujarnya.<br><br></div><div>Penjualan merchandise itulah, tutur Tomi, yang membantu toko bukunya bertahan. Sebagian barang niaga tersebut berupa tote bag yang mereka produksi sendiri. Ada pula merchandise hasil karya seniman Eko Nugroho. “Merchandise selamatkan kami karena margin keuntungan penjualan buku sangat kecil,” ucap alumnus Jurusan Komunikasi Universitas Gadjah Mada, Yogyakarta, ini. Pendekatan personal dan kekuatan komunitas juga ditempuh toko buku Jual Buku Sastra. Toko buku milik pasangan Indrian Koto dan Mutia Sukma yang berada di tengah persawahan di Kecamatan Kasihan, Bantul, Daerah Istimewa Yogyakarta, itu menampung buku-buku sastra penerbit independen. Toko ini berfokus pada komunitas dan suasana kekeluargaan yang membentuk ikatan bersama para pembaca dan pemburu buku. Orang yang datang ke toko buku tersebut tak harus membeli buku.<br><br></div><div>Sembari menikmati semilir angin dan pemandangan hamparan sawah, setiap pengunjung bebas menyeduh kopi, sekadar mengobrol, dan berkonsultasi tentang tulisan dengan pemilik yang juga sastrawan. Sebagian tamu, di antaranya penulis, bahkan kerap menginap di toko buku ini. Dari komunitas itulah muncul calon pembeli baru. Menurut Indrian, Jual Buku Sastra bisa bertahan selama 18 tahun karena pengelolaannya tidak mengandalkan banyak tenaga kerja. Toko buku yang difungsikan sebagai rumah tinggal dan ruang bersama itu hanya dikelola Indrian dan Mutia. Mereka juga hanya menjual buku spesifik sastra, menerbitkan buku dalam jumlah terbatas, dan membatasi sistem konsinyasi atau penitipan buku dari toko buku.<br><br></div><div>Penerbitan buku dalam cetakan terbatas, kata Indrian, menjadi jalan untuk menekan risiko kerugian karena mereka tidak memerlukan modal yang besar dengan mempertimbangkan serapan pasar. Contohnya menerbitkan satu buku dengan cetakan pertama hanya 100 eksemplar. Dalam satu bulan, Jual Buku Sastra hanya menerbitkan dua-tiga buku. Semua proses penyusunan buku mereka kerjakan sendiri, dari pengaturan tata letak dan desain hingga penyuntingan. “Kami kelola secara tradisional dan ramping karena sejak awal kami tidak berniat jadi toko buku komersial,” ujar Indrian.<br>Mutia menambahkan, Jual Buku Sastra tidak pernah jorjoran berpromosi. Modal sosial dengan memelihara massa dalam komunitas bagi mereka sudah cukup untuk menyebarkan informasi. “Pendekatan yang intim jadi kekuatan. Mereka yang datang seperti keluarga baru,” ucap Mutia. Hingga kini, penjualan buku di toko ini stabil, setiap bulan rata-rata 200 buku.<br><br></div><div>Warung Sastra, toko buku independen di Karangwaru, Tegalrejo, Kota Yogyakarta, juga bersiasat agar bisa bertahan. Ari Bagus Panuntun, pendiri Warung Sastra, membuat bisnis warung makanan dan minuman di toko buku itu. Toko buku itu sekaligus menjadi tongkrongan anak-anak muda layaknya kafe. “Segmen kami anak-anak muda,” tutur Ari. Toko buku yang berdiri pada 2017 ini mengandalkan promosi melalui Instagram untuk menarik minat pembeli. Warung Sastra juga kerap menggelar diskusi buku bertema tertentu di luar buku arus utama. Belum lama ini, misalnya, mereka mendiskusikan buku berjudul Lubang Kelam(in) karya seorang transpuan, Jessica Ayudya Lesmana.<br><br></div><div>•••<br>Tumpukan buku aneka judul mengisi rak kayu cokelat yang disekat-sekat seperti di perpustakaan. Sebagian buku lain bertumpuk tersebar di lantai dan meja kayu, juga di dalam tumpukan kotak-kotak dus kertas. Di rumah sewaan di Jalan Cikutra Baru, Kota Bandung, itu, CV Ultimus mengubah fungsi hunian menjadi toko buku, kantor penerbitan, sekaligus gudang. Belakangan, hanya segelintir orang, termasuk penulis, yang datang ke sana untuk mengobrol atau mengikuti rapat. Selebihnya, tempat itu sepi dari kegiatan publik, seperti diskusi, kajian, dan bedah buku. “Kami bikin acaranya di luar Ultimus, kerja sama dengan beberapa komunitas di tempat lain,” kata Bilven Gultom, 45 tahun, pendiri dan pengelola Ultimus, kepada Tempo, Selasa, 6 Juni lalu.<br><br></div><div>Pada Maret lalu, misalnya, mereka menggelar acara bincang buku terbaru, Tuhan Menangis, Terluka, di Kedai Jante, Perpustakaan Ajip Rosidi, Bandung, yang juga dihadiri penulisnya, Martin Aleida. Lalu di Beranda Rakyat Garuda, Jakarta, mereka menghelat diskusi tentang kondisi para eksil politik 1965-1966 pada April lalu.<br><br></div><div>Bilven menuturkan, sekelompok orang pernah menggeruduk dan membubarkan acara diskusi bertajuk “Gerakan Marxis Internasional” di Ultimus pada 14 Desember 2006. Pembicara, moderator, dan belasan hadirin digiring ke markas kepolisian Kota Bandung. Mereka dibebaskan setelah 1 x 24 jam. “Karena tuduhan menyebarluaskan komunis tidak terbukti,” ujar Bilven.<br><br></div><div>Saat itu, Bilven menambahkan, Ultimus disegel sepuluh hari. Segel baru dibuka polisi pada malam Natal dengan disaksikan tentara serta ketua rukun tetangga dan rukun warga setempat. Menurut Bilven, buntut baiknya, setelah kejadian itu, banyak orang yang mengenal Ultimus. “Kami dapat promosi gratis dan banyak yang menawarkan naskah untuk kami terbitkan, termasuk yang kiri-kiri,” katanya.<br><br></div><div>Sedari awal, boleh dibilang Ultimus telah mengambil “jalur kiri”. Enam pendirinya, termasuk Bilven, adalah teman sekomunitas literasi di kampus Sekolah Tinggi Teknologi Telkom, Bandung. Pengalaman beberapa kali menggelar acara literasi, termasuk penjualan buku, diskusi, dan interaksi dengan banyak penerbit buku, mendorong mereka membuka Toko Buku Ultimus pada 15 Januari 2004 di Jalan Karapitan, Bandung.<br><br></div><div>Setahun berikutnya, mereka pindah ke Jalan Lengkong Besar tepat di depan kampus Universitas Pasundan hingga 2008. Kemudian tempat ketiga sebelum yang sekarang adalah di Jalan Rangkasbitung, seberang Rumah Tahanan Kebonwaru, yang dihuni selama 2009-2012. Rak toko mereka pada awalnya berisi buku-buku sosial humaniora seperti filsafat dan sejarah terbitan dari Yogyakarta yang ketika itu berlimpah.<br><br></div><div>Dalam perjalanannya, satu per satu pendiri Ultimus hengkang karena bekerja dan berkeluarga di luar Bandung. Sejak tahun keempat, Bilven, yang mengelola toko itu sendiri, kemudian melapis usaha toko dengan penerbitan buku. Pertimbangannya, menurut Bilven, Ultimus tidak bisa bertahan jika hanya mengandalkan penjualan buku. Sebab, saat itu cukup banyak toko buku alternatif yang muncul dan biaya operasional toko terhitung tinggi. Dia memikirkan cara mendapat pemasukan lain dari luar toko buku tapi tetap saling melengkapi. “Pikiran kami untuk menerbitkan dan mendistribusikan buku,” ujarnya.<br><br></div><div>Kalau hanya dari toko buku, Bilven menambahkan, pemasukan habis hanya untuk biaya operasional, seperti membayar sewa tempat dan pengelola serta membuat kegiatan. Penerbitan dan distribusi buku pun bisa menjangkau komunitas atau pembaca lebih luas. Kini Ultimus yang bertahan menjelang dua dekade usianya memiliki empat karyawan tetap di bagian yang mengurus percetakan, redaksi, dan distribusi. Saat buku naik cetak atau ada kegiatan, mereka merekrut delapan-sepuluh pekerja tambahan paruh waktu.<br><br></div><div>•••<br>Kedai Buku Semut Alas di Tlogomas, Lowokwaru, Malang, Jawa Timur, punya cara sendiri untuk menarik minat pengunjung. Pemilik toko buku itu, T.S. Hendra Prasetya, yang akrab disapa Hendro, selalu menawarkan segelas kopi kepada setiap pengunjung. “Tidak ada masalah juga jika pengunjung pulang tanpa beli buku setelah minum kopi. Hitung-hitung menyenangkan orang dan menambah teman,” tutur Hendro kepada Tempo, Senin, 5 Juni lalu.<br><br></div><div>Berdiri pada 2014, nama Semut Alas Hendro pilih karena dia suka masuk hutan dan naik gunung dengan membawa buku bacaan. Alasan kedua, semut selalu berkerubung dan diharapkan buku bisa mengumpulkan orang-orang. Sebelum toko berdiri, Hendro rajin mencatat alamat kantor, alamat surat elektronik, dan nomor telepon kantor sejumlah penerbit yang tertera pada lembar kredit buku. Maklum, saat itu media sosial belum meraja.<br><br></div><div>Ada sekitar 100 penerbit yang dihubungi Hendro untuk diajak bekerja sama. Mayoritas penerbit berada di Pulau Jawa —khususnya Yogyakarta dan Bandung— selebihnya di Sumatera. Hendro memprioritaskan penerbit buku kritis dan progresif kesukaannya. Sebagian besar penerbit bersedia memasok buku ke Kedai Semut Alas. Jadilah buku beragam judul memenuhi rak Kedai Buku Semut Alas.<br><br></div><div>Bukan hanya di toko, sekali waktu Hendro juga menggelar lapak di luar, seperti dalam pameran buku. Hendro mengungkapkan, hampir 80 persen pemasaran Semut Alas dilakukan secara daring. Hendro dan kawan-kawan giat berpromosi lewat dua akun Instagram, masing-masing untuk lapak buku baru dan tua serta langka. Sebelum pandemi Covid-19 melanda pada Maret 2020, Hendro bisa membukukan omzet Rp 20-30 juta per bulan. Biasanya, tingkat kelarisan buku ditentukan oleh isu dan tema, seperti kajian perempuan dan oligarki.<br><br></div><div>Hendro juga tak ingin Kedai Buku Semut Alas hanya menjadi toko buku. Maka ia giat mendongkrak jenama tokonya dengan mengadakan kegiatan diskusi bersama mahasiswa, dosen, akademikus, dan pakar. Sebelum muncul pandemi Covid-19, Hendro bisa menggelar acara diskusi publik tiap pekan. Upaya mendekatkan buku dengan pembaca sebagai gaya hidup menyenangkan juga dilakukan Patjar Merah, festival literasi dan pasar buku yang kerap membikin acara di sejumlah tempat di Indonesia. Pada Mei lalu, mereka membuka toko buku bernama Kedai Buku Patjar Merah di kawasan Pos Bloc, Pasar Baru, Jakarta Pusat.<br><br></div><div>Menurut pendiri Patjar Merah, Windy Ariestanty, pendirian toko itu bermula ketika Patjar Merah mendapat tawaran dari Pos Bloc. Setelah duduk bersama dan bertukar pikiran mengenai persoalan di dunia perbukuan belakangan ini, Patjar Merah membuka toko buku di Pos Bloc. Sebulan berjalan, aktivitas di Kedai Buku Patjar Merah di luar dugaan. Banyak pengunjung yang datang ke sana dengan usia beragam. Kata Windy, orang-orang yang datang ke Kedai Patjar Merah juga berasal dari relasi yang selama ini terbangun melalui festival keliling di sejumlah tempat. “Aku pikir ramainya karena ketika kami berkeliling kami bangun relasi. Patjar Merah bukan hanya kerja kami, Patjar Merah dirawat oleh mereka yang mencintai buku,” ucap Windy kepada Tempo via telepon, Rabu, 7 Juni lalu.<br><br></div>',	'2024-01-04 19:00:46',	'2024-01-04 19:12:31'),
(79,	'content',	'App\\Models\\Article',	39,	'<div>Farah Qoonita merupakan seorang penulis muda, aktivis muslimah, sekaligus influencer muslim yang lahir pada tanggal 18 Maret 1994. Beliau yang merupakan lulusan Prodi Jurnalistik Fikom Unpad angkatan 2012 ternyata jago dalam hal graphic desainer, lho. Namun selain itu, beliau juga aktif menulis dari tahun 2015 yang lalu dan telah menerbitkan beberapa karya tulisan meaningful. Setidaknya ada empat karya buku dari Farah Qoonita atau sering dipanggil Teh Qoonit. Apa saja? Yuk cek di sini, ya!<br><br></div><div><strong><br>1. Seni Tinggal di Bumi<br></strong><br></div><div><figure data-trix-attachment=\"{&quot;contentType&quot;:&quot;image&quot;,&quot;height&quot;:300,&quot;url&quot;:&quot;https://henbuk.com/info/wp-content/uploads/2024/01/330467281-3253877141529084-7176334334788347384-nwebp-169e3f0667d6320cc80f4569982c2e44-e5adaf408c16deb305fb26e81f747501-300x300.jpg&quot;,&quot;width&quot;:300}\" data-trix-content-type=\"image\" class=\"attachment attachment--preview\"><img src=\"https://henbuk.com/info/wp-content/uploads/2024/01/330467281-3253877141529084-7176334334788347384-nwebp-169e3f0667d6320cc80f4569982c2e44-e5adaf408c16deb305fb26e81f747501-300x300.jpg\" width=\"300\" height=\"300\"><figcaption class=\"attachment__caption\"></figcaption></figure></div><div>Buku Seni Tinggal di Bumi terbit tahun 2018 silam dan memiliki 175 halaman. Buku tipis ini dapat kamu baca sekali duduk namun isi di dalamnya bisa bikin kamu merefleksikan kembali kehidupanmu. Ada 6 bab utama yang ditulis seperti, Seni Melangkah di Bumi, Tentang Perempuan, hingga Menapaki Keabadiaan. Di setiap babnya kamu akan mendapati sub judul dengan pembahasaan yang singkat. Ada kumpulan essai perenungan dan juga kisah fiktif namun sarat makna, lho. Apalagi buku ini mengambil ada sisi religius yang bikin reminder buat kita. Kamu sudah baca?<br><br></div><div><strong><br>2. Nyala Semesta<br></strong><br></div><div><figure data-trix-attachment=\"{&quot;contentType&quot;:&quot;image&quot;,&quot;height&quot;:300,&quot;url&quot;:&quot;https://henbuk.com/info/wp-content/uploads/2024/01/snapinstaapp-128432641-102275818361912-945814409349940754-n-1080-169e3f0667d6320cc80f4569982c2e44-93abc917821d45f4d72c080e41da3b05-270x300.jpg&quot;,&quot;width&quot;:270}\" data-trix-content-type=\"image\" class=\"attachment attachment--preview\"><img src=\"https://henbuk.com/info/wp-content/uploads/2024/01/snapinstaapp-128432641-102275818361912-945814409349940754-n-1080-169e3f0667d6320cc80f4569982c2e44-93abc917821d45f4d72c080e41da3b05-270x300.jpg\" width=\"270\" height=\"300\"><figcaption class=\"attachment__caption\"></figcaption></figure></div><div>Selanjutnya, ada novel yang berjudul Nyala Semesta yang memiliki tebal 283 halaman dan terbut tahun 2020. Novel bergenre action-thriller ini merupakan gabungan dari fakta fiksi, karena cerita di dalamnya terinspirasi berdasarkan fakta namun dikemas secara fiksi. Cocok dibaca untuk kamu yang pengen tahu kehidupan para warga Gaza dengan sudut pandang penduduk di sana. Nyala Semesta menceritakan tentang keluarga Khalid yang harus terus menghadapi ancaman kematian di tanah suci Palestina. Dari mulai penyiksaan, penembakan, hingga ledakan bom seringkali terjadi di sana. Lantas, mampukah Khalid melindungi keluarganya untuk tetap berjuang dan bertahan di Gaza? Bagaimana akhir kisah mereka? Jangan lupa dibaca, ya.&nbsp;<br><br></div><div><strong><br>3. Hidup Satu Kali Lagi<br></strong><br></div><div><figure data-trix-attachment=\"{&quot;contentType&quot;:&quot;image&quot;,&quot;height&quot;:300,&quot;url&quot;:&quot;https://henbuk.com/info/wp-content/uploads/2024/01/196338282-313485400241551-4371910679535055342-n-169e3f0667d6320cc80f4569982c2e44-99e4c998a4c0d512f0eb456d5d842f01-300x300.jpg&quot;,&quot;width&quot;:300}\" data-trix-content-type=\"image\" class=\"attachment attachment--preview\"><img src=\"https://henbuk.com/info/wp-content/uploads/2024/01/196338282-313485400241551-4371910679535055342-n-169e3f0667d6320cc80f4569982c2e44-99e4c998a4c0d512f0eb456d5d842f01-300x300.jpg\" width=\"300\" height=\"300\"><figcaption class=\"attachment__caption\"></figcaption></figure></div><div>Lalu, ada buku Hidup Satu Kali Lagi yang merupakan seri ke-2 dari buku Seni Tinggal di Bumi. Buku ini merupakan kumpulan tulisan motivasi sekaligus perenungan singkat yang terbagi menjadi lima bab; Hidup adalah tentang belajar, Hidup adalah Tentang Memberi, Hidup untuk Setelah Hidup, Hidup adalah untuk Mencintai-Nya, dan Hidup adalah untuk Berjuang.&nbsp; Buku yang terbit tahun 2021 dan memiliki tebal 190 halaman sangat cocok dibaca untuk kamu yang sedang mencari semangat ataupun motivasi yang islami. Karena bukan hanya berdasarkan dari pengalaman penulis saja, melainkan ada yang menceritakan ulang shirah, bikin wawasan agamamu bertambah.<br><br></div><div><strong><br>4. Bertemu Dewasa<br></strong><br></div><div><figure data-trix-attachment=\"{&quot;contentType&quot;:&quot;image&quot;,&quot;height&quot;:300,&quot;url&quot;:&quot;https://henbuk.com/info/wp-content/uploads/2024/01/snapinstaapp-338404606-1804488063255977-3668156144430058206-n-1080-169e3f0667d6320cc80f4569982c2e44-ef3892479d5e6e8bcb981d0410fad63b-300x300.jpg&quot;,&quot;width&quot;:300}\" data-trix-content-type=\"image\" class=\"attachment attachment--preview\"><img src=\"https://henbuk.com/info/wp-content/uploads/2024/01/snapinstaapp-338404606-1804488063255977-3668156144430058206-n-1080-169e3f0667d6320cc80f4569982c2e44-ef3892479d5e6e8bcb981d0410fad63b-300x300.jpg\" width=\"300\" height=\"300\"><figcaption class=\"attachment__caption\"></figcaption></figure></div><div>Terakhir, karya terbaru dari Farah Qoonita berjudul <em>Bertemu Dewasa</em> yang terbit tahun 2023 dengan jumlah 196 halaman. Cocok dibaca untuk kamu yang takut bertemu dewasa atau yang sedang beradaptasi dengan peran baru seperti menjadi istri atau ibu. Tak jauh beda dengan tulisan sebelumnya yang penuh renungan dengan tulisan singkat menghangatkan, dalam buku ini ada 3 bagian utama dengan dibagi 80 kumpulan tulisan hikmah tentang bertemu dewasa, lho.<br><br></div><div>Itulah beberapa karya yaang telah dibuat oleh penulis sekaligus <em>influencer</em> muda Farah Qoonita. Tulisannya yang sederhana namun sarat akan perenungan, bikin kita mengingat Tuhan. Nah, dari keempat buku tersebut mana yang sudah kamu baca?<br><br></div>',	'2024-01-04 19:00:46',	'2024-01-04 19:07:07'),
(80,	'content',	'App\\Models\\Article',	40,	'<div>Di tengah kesibukan sehari-hari, penting untuk memiliki hobi sebagai salah satu cara melepas stres. Banyak hobi yang bisa dilakukan, salah satunya membaca buku. Membaca buku adalah kegiatan yang memiliki banyak manfaat karena dapat menambah pengetahuan, memperhalus perasaan, dan mempertajam daya ingat. Namun, akan ada masanya ketika muncul rasa bosan ketika tengah membaca buku. Untuk itu, penting bagi Anda mengetahui tips membaca buku agar menjadi menyenangkan. Berikut merupakan tips membaca buku yang dapat membuat Anda tidak cepat bosan :<br><br></div><div><strong>1. Mulai Membaca Buku Kesukaan&nbsp;<br></strong><br></div><div>Tips membaca buku pertama yang bisa Anda lakukan adalah mulai dari membaca buku yang Anda sukai. Entah itu dari segi genre, jenis buku, topik atau hal lain yang membuat Anda tertarik untuk membacanya. Mislanya, bila Anda menemukan novel yang pas di hati Anda, maka ketika Anda membacanya, Anda seolah akan terhanyut ke dalam dunia lain seperti yang ada di dalam novel tersebut.&nbsp; Lantas, bagaimana cara menemukan buku yang Anda sukai? Anda bisa memulainya dari hobi Anda. Misalnya, bila Anda suka berkebun, Anda bisa mulai mencari buku tentang berkebun.&nbsp; Pilihan lainnya, jika Anda suka menonton anime, maka bisa mencari buku komik.<br><br></div><div><strong>2. Pilih Waktu Tepat<br></strong><br></div><div>Tips membaca buku berikutnya yang bisa Anda coba adalah membaca buku di waktu yang tepat. Lantas, bagaimana caranya? Anda bisa menyelesaikannya dengan preferensi atau rutinitas harian Anda. Bila Anda adalah seorang pegawai kantoran yang bekerja dari pagi hingga sore hari, Anda bisa mengalokasikan waktu di malam hari untuk membaca. Atau bila Anda merasa terlalu lelah di malam hari, Anda bisa melakukannya di pagi hari setelah Anda bangun tidur. Dengan membaca buku di waktu yang tepat, Anda akan merasa bahwa membaca buku bukan lagi sebuah beban. Bahkan, membaca buku ini akan terasa seperti hiburan bagi Anda di tengah padatnya kegiatan sehari-hari.<br><br></div><div><strong>3.&nbsp; Pilih Tempat dan Suasana Mendukung<br></strong><br></div><div>Salah satu penyebab kenapa Anda cepat bosan membaca buku adalah karena tempat dan suasana yang Anda pilih tidak cocok untuk membaca buku. Misalnya, Anda membaca di cafe yang sedang ramai pengunjung.atau di kamar Anda yang berantakan. Sangat penting untuk memiliki tempat dan suasana yang mendukung ketika sedang membaca. Untuk memulai tips membaca&nbsp; buku ini, Anda bisa melakukannya dengan melengkapi tempat membaca favorit Anda dengan&nbsp; pencahayaan yang baik. Dengan demikian, mata Anda tidak akan cepat jenuh ketika membaca. Selain itu, Anda bisa menciptakan suasana yang mendukung dengan membaca di tempat yang kondusif dan sepi. Dengan suasana seperti ini, konsentrasi Anda tidak akan terpecah dan Anda bisa fokus membaca buku Anda hingga selesai.<br><br></div><div><strong>4. Tidak Takut DNF<br></strong><br></div><div>Bila Anda seorang bookworm, Anda pasti tahu apa maksud istilah ini. DNF atau Do Not Finish adalah istilah untuk buku-buku yang tidak selesai dibaca. Ada kalanya Anda merasa bosan membaca buku bukan karena Anda malas menyelesaikannya. Bisa jadi Anda tidak bisa lanjut membacanya karena ceritanya yang membosankan, sulit dimengerti, atau hal lain-lain yang membuat Anda tidak nyaman.&nbsp; Jika Anda menghadapi hal tersebut, maka Anda seharusnya tidak perlu takut lagi untuk tidak menyelesaikan buku yang Anda baca. Anda bisa membiarkan buku terbit dan beralih membaca buku lainnya. Bila Anda memaksakan diri untuk terus membaca buku tersebut, Anda hanya akan membuang-buang waktu.<br><br></div><div><strong>5. Membuat Target Bacaan<br></strong><br></div><div>Tips membaca buku yang bisa Anda lakukan berikutnya adalah membuat target bacaan. Dengan begitu, Anda akan lebih bersemangat untuk membaca buku. Tips ini juga telah banyak dilakukan orang-orang yang gemar membaca buku. Untuk membuat target bacaan, Anda bisa melakukannya berdasarkan berapa jumlah buku yang ingin diselesaikan atau ragam genre yang ingin Anda baca. Agar lebih mudah, Anda juga bisa memanfaatkan aplikasi gratis yang ada di handphone Anda untuk melacak buku-buku yang sudah Anda baca. Atau Anda bisa menggunakan cara konvensional seperti membuat judul buku atau menulis di buku harian Anda.<br><br></div><div><strong>6. Mencari Kawan<br></strong><br></div><div>Tips membaca buku terakhir yang bisa Anda coba adalah mencari kawan atau teman yang memiliki bacaan yang sama. Dengan demikian, ketika Anda selesai membacanya, Anda bisa bertukar pikiran atau mendiskusikan buku tersebut dengan teman Anda. Atau Anda juga bisa membuat sebuah permainan dimana Anda dan teman Anda memilih bab tertentu untuk dibaca. Setelah selesai membaca bab tersebut, kalian bisa membahasnya bersama. Cara ini sangat efektif untuk membantu menghilangkan rasa bosan Anda ketika membaca dan memahami lebih dalam buku yang Anda baca.&nbsp; Demikian enam tips membaca buku agar tidak cepat bosan yang bisa Anda praktekkan. Rasa bosan adalah hal yang wajar dan umum terjadi ketika sedang membaca buku. Dengan menerapkan tips di atas, kini Anda bisa membaca buku lebih nyaman hingga selesai.<br><br></div>',	'2024-01-04 19:00:46',	'2024-01-04 19:11:59');

DROP TABLE IF EXISTS `users`;
CREATE TABLE `users` (
  `id` bigint(20) unsigned NOT NULL AUTO_INCREMENT,
  `name` varchar(255) NOT NULL,
  `email` varchar(255) NOT NULL,
  `phone` varchar(255) DEFAULT NULL,
  `address` text DEFAULT NULL,
  `email_verified_at` timestamp NULL DEFAULT NULL,
  `password` varchar(255) NOT NULL,
  `is_admin` tinyint(1) NOT NULL DEFAULT 0,
  `remember_token` varchar(100) DEFAULT NULL,
  `created_at` timestamp NULL DEFAULT NULL,
  `updated_at` timestamp NULL DEFAULT NULL,
  PRIMARY KEY (`id`),
  UNIQUE KEY `users_email_unique` (`email`),
  UNIQUE KEY `users_phone_unique` (`phone`)
) ENGINE=InnoDB AUTO_INCREMENT=20 DEFAULT CHARSET=utf8mb4 COLLATE=utf8mb4_unicode_ci;

INSERT INTO `users` (`id`, `name`, `email`, `phone`, `address`, `email_verified_at`, `password`, `is_admin`, `remember_token`, `created_at`, `updated_at`) VALUES
(2,	'Zainuri Rohim',	'zainuri@mail.com',	NULL,	NULL,	NULL,	'$2y$12$Ug5jJjxTUX93KbSYU9rl5u/fx9mx1dLZm4ruf9Xs3XcgZ7.gGx346',	1,	NULL,	'2023-12-23 19:01:22',	'2024-01-04 17:34:24'),
(3,	'Ashtyn Goldner',	'your.email+fakedata58705@gmail.com',	NULL,	NULL,	NULL,	'$2y$12$0pcrhvV96veOY/pBU1U3N./djpy22b..YLvHZRnTOwaauRH9uaJL.',	0,	NULL,	'2023-12-24 23:22:16',	'2023-12-24 23:22:16'),
(4,	'Mrs. Mireille Hermiston I',	'collier.lysanne@example.org',	'1-727-281-2113',	'206 Parker Extension\nBernierville, WV 75808-4122',	'2023-12-24 23:24:40',	'$2y$12$c3Ymw.iEpV92knw/LIzFkuxPxXDNq1XVjs2DOXNvhU9F7Qv9g3Syq',	0,	'TR7FpC9gnT',	'2023-12-24 23:24:40',	'2023-12-24 23:24:40'),
(5,	'Beaulah Kirlin',	'bergnaum.christophe@example.net',	'920-968-2963',	'497 Halvorson Creek\nWest Adele, NE 39761-6109',	'2023-12-24 23:24:40',	'$2y$12$c3Ymw.iEpV92knw/LIzFkuxPxXDNq1XVjs2DOXNvhU9F7Qv9g3Syq',	0,	'c3HFBE4Dym',	'2023-12-24 23:24:40',	'2023-12-24 23:24:40'),
(6,	'Dakota Simonis',	'virginie02@example.com',	'401-434-9538',	'38914 Anahi Street\nLandenfurt, CO 84331-2795',	'2023-12-24 23:24:40',	'$2y$12$c3Ymw.iEpV92knw/LIzFkuxPxXDNq1XVjs2DOXNvhU9F7Qv9g3Syq',	0,	'hVg0SMy8Be',	'2023-12-24 23:24:40',	'2023-12-24 23:24:40'),
(7,	'Alessandro Welch DVM',	'zita24@example.net',	'(423) 229-1820',	'1627 Destiney Fort\nWest Tressie, ND 78475',	'2023-12-24 23:24:40',	'$2y$12$c3Ymw.iEpV92knw/LIzFkuxPxXDNq1XVjs2DOXNvhU9F7Qv9g3Syq',	0,	'vI1aeb01Gw',	'2023-12-24 23:24:40',	'2023-12-24 23:24:40'),
(8,	'Ms. Alyce Halvorson DVM',	'bartell.lucio@example.org',	'1-206-984-7129',	'528 Lind Squares Apt. 342\nNorth Imeldaberg, MD 00279-0253',	'2023-12-24 23:24:40',	'$2y$12$c3Ymw.iEpV92knw/LIzFkuxPxXDNq1XVjs2DOXNvhU9F7Qv9g3Syq',	0,	'Rgdeh4FlcT',	'2023-12-24 23:24:40',	'2023-12-24 23:24:40'),
(9,	'Alvera Murray',	'lacy72@example.org',	'(858) 230-5859',	'976 Cyril Bridge\nLaurenshire, ND 59868',	'2023-12-24 23:24:40',	'$2y$12$c3Ymw.iEpV92knw/LIzFkuxPxXDNq1XVjs2DOXNvhU9F7Qv9g3Syq',	0,	'U46ZbdKBpI',	'2023-12-24 23:24:40',	'2023-12-24 23:24:40'),
(10,	'Jan Bradtke',	'sierra.ankunding@example.com',	'(681) 480-2279',	'10146 Smith Light\nSalmashire, IN 01398',	'2023-12-24 23:24:40',	'$2y$12$c3Ymw.iEpV92knw/LIzFkuxPxXDNq1XVjs2DOXNvhU9F7Qv9g3Syq',	0,	'mBrAfSjfEl',	'2023-12-24 23:24:40',	'2023-12-24 23:24:40'),
(11,	'Prof. Percy Ziemann III',	'fred.hodkiewicz@example.org',	'234-541-7085',	'6067 Conn Court\nBridgetville, WY 46371-3047',	'2023-12-24 23:24:40',	'$2y$12$c3Ymw.iEpV92knw/LIzFkuxPxXDNq1XVjs2DOXNvhU9F7Qv9g3Syq',	0,	'vb6oLxH4mf',	'2023-12-24 23:24:40',	'2023-12-24 23:24:40'),
(12,	'Prof. Retta Borer Jr.',	'athena.white@example.com',	'830-453-4377',	'44836 Deckow Meadows\nMalindastad, WY 42970-2253',	'2023-12-24 23:24:40',	'$2y$12$c3Ymw.iEpV92knw/LIzFkuxPxXDNq1XVjs2DOXNvhU9F7Qv9g3Syq',	0,	'It9gg8X8Sh',	'2023-12-24 23:24:40',	'2023-12-24 23:24:40'),
(13,	'Wilbert Zboncak',	'elmore.weissnat@example.com',	'1-940-522-5208',	'36792 Schneider Square\nGislasonburgh, CT 72445-2185',	'2023-12-24 23:24:40',	'$2y$12$c3Ymw.iEpV92knw/LIzFkuxPxXDNq1XVjs2DOXNvhU9F7Qv9g3Syq',	0,	'bDkAkIBZLh',	'2023-12-24 23:24:40',	'2023-12-24 23:24:40'),
(14,	'Mr. Paris Schamberger IV',	'mschowalter@example.net',	'(531) 709-5306',	'31661 Elfrieda Orchard Suite 918\nAnnamarieton, NH 19009',	'2023-12-24 23:24:40',	'$2y$12$c3Ymw.iEpV92knw/LIzFkuxPxXDNq1XVjs2DOXNvhU9F7Qv9g3Syq',	0,	'BbwsV4Z6ER',	'2023-12-24 23:24:40',	'2023-12-24 23:24:40'),
(15,	'Kiley Wiza',	'leda.jaskolski@example.org',	'(347) 622-9296',	'584 Melissa Mountains\nMaggioland, OH 49563-7231',	'2023-12-24 23:24:40',	'$2y$12$c3Ymw.iEpV92knw/LIzFkuxPxXDNq1XVjs2DOXNvhU9F7Qv9g3Syq',	0,	'Z2LH9FaqkW',	'2023-12-24 23:24:40',	'2023-12-24 23:24:40'),
(16,	'Odie Welch',	'brando71@example.com',	'541-329-7143',	'16103 Laisha Lodge\nPort Adell, OR 92054',	'2023-12-24 23:24:40',	'$2y$12$c3Ymw.iEpV92knw/LIzFkuxPxXDNq1XVjs2DOXNvhU9F7Qv9g3Syq',	0,	'u6oxuvIj2i',	'2023-12-24 23:24:40',	'2023-12-24 23:24:40'),
(17,	'Miss Ardella Little',	'isabel14@example.org',	'308.306.8103',	'2031 Robb Run Apt. 843\nLake Orie, MD 26414-6424',	'2023-12-24 23:24:40',	'$2y$12$c3Ymw.iEpV92knw/LIzFkuxPxXDNq1XVjs2DOXNvhU9F7Qv9g3Syq',	0,	'zxuVawlvYE',	'2023-12-24 23:24:40',	'2023-12-24 23:24:40'),
(18,	'Kaela Pollich',	'oconnell.frances@example.org',	'1-630-384-2477',	'331 Shaun Station Apt. 207\nPort Pietro, IN 20903-0201',	'2023-12-24 23:24:40',	'$2y$12$c3Ymw.iEpV92knw/LIzFkuxPxXDNq1XVjs2DOXNvhU9F7Qv9g3Syq',	0,	'evjSDOfcLV',	'2023-12-24 23:24:40',	'2023-12-24 23:24:40'),
(19,	'Agus Supriyatna',	'agus@mail.com',	'081393817875',	'568 Naomi Mountain',	NULL,	'$2y$12$YHzHnrI3umbN3j748X4Amutv/Cjclk/gzDdnLoih3VDqgkPlxajG2',	0,	NULL,	'2024-01-03 19:15:15',	'2024-01-03 19:15:15');

DROP TABLE IF EXISTS `user_books`;
CREATE TABLE `user_books` (
  `id` bigint(20) unsigned NOT NULL AUTO_INCREMENT,
  `user_id` bigint(20) unsigned NOT NULL,
  `book_id` bigint(20) unsigned NOT NULL,
  `created_at` timestamp NULL DEFAULT NULL,
  `updated_at` timestamp NULL DEFAULT NULL,
  PRIMARY KEY (`id`),
  KEY `user_books_user_id_foreign` (`user_id`),
  KEY `user_books_book_id_foreign` (`book_id`),
  CONSTRAINT `user_books_book_id_foreign` FOREIGN KEY (`book_id`) REFERENCES `books` (`id`),
  CONSTRAINT `user_books_user_id_foreign` FOREIGN KEY (`user_id`) REFERENCES `users` (`id`)
) ENGINE=InnoDB AUTO_INCREMENT=6 DEFAULT CHARSET=utf8mb4 COLLATE=utf8mb4_unicode_ci;

INSERT INTO `user_books` (`id`, `user_id`, `book_id`, `created_at`, `updated_at`) VALUES
(1,	2,	24,	'2024-01-04 15:21:43',	'2024-01-04 15:21:43'),
(2,	2,	23,	'2024-01-04 15:21:43',	'2024-01-04 15:21:43'),
(3,	19,	24,	'2024-01-04 19:17:40',	'2024-01-04 19:17:40'),
(4,	19,	23,	'2024-01-04 19:17:40',	'2024-01-04 19:17:40'),
(5,	19,	22,	'2024-01-04 19:17:40',	'2024-01-04 19:17:40');

-- 2024-01-04 21:07:20
